NAME,TEAM,OVERALLATTRIBUTE,CLOSESHOT,MIDRANGESHOT,THREEPOINTSHOT,FREETHROW,SHOTIQ,OFFENSIVECONSISTENCY,LAYUP,STANDINGDUNK,DRIVINGDUNK,POSTHOOK,POSTFADE,POSTCONTROL,DRAWFOUL,HANDS,INTERIORDEFENSE,PERIMETERDEFENSE,STEAL,BLOCK,LATERALQUICKNESS,HELPDEFENSEIQ,PASSPERCEPTION,DEFENSIVECONSISTENCY,SPEED,ACCELERATION,STRENGTH,VERTICAL,STAMINA,HUSTLE,OVERALLDURABILITY,PASSACCURACY,BALLHANDLE,SPEEDWITHBALL,PASSIQ,PASSVISION,OFFENSIVEREBOUND,DEFENSIVEREBOUND
Trae Young,Atlanta Hawks,88,76,88,83,89,98,98,87,25,30,28,60,34,96,80,31,55,66,25,70,58,70,30,84,84,50,78,95,75,86,80,93,84,94,88,35,42
Dejounte Murray,Atlanta Hawks,85,88,96,81,86,90,95,92,40,75,40,48,49,84,95,53,85,70,42,85,85,85,85,83,83,40,60,90,90,80,85,88,83,84,72,35,55
Clint Capela,Atlanta Hawks,81,94,50,25,60,70,50,70,95,80,71,48,69,74,70,84,53,41,87,60,86,74,80,58,57,85,80,92,97,83,34,48,30,35,30,94,86
Onyeka Okongwu,Atlanta Hawks,80,94,88,60,78,70,80,80,85,80,54,55,57,52,80,79,64,38,75,69,83,65,65,74,74,70,75,88,95,83,51,54,60,50,36,90,74
Bogdan Bogdanovic,Atlanta Hawks,80,97,88,82,83,70,90,79,50,65,62,57,57,59,85,51,63,80,53,75,60,60,50,75,75,63,78,89,67,77,74,79,73,79,58,32,51
De'Andre Hunter,Atlanta Hawks,80,90,88,80,83,70,85,74,65,70,51,52,51,65,90,63,83,43,51,83,80,60,80,76,78,65,75,90,80,80,67,70,69,64,30,41,56
Jalen Johnson,Atlanta Hawks,79,96,78,79,63,80,80,88,75,83,66,74,69,68,80,66,66,53,68,73,60,57,40,76,76,68,82,85,80,80,68,58,74,69,42,49,81
Saddiq Bey,Atlanta Hawks,78,80,62,80,86,90,85,80,45,60,43,42,52,84,84,64,75,53,40,79,77,72,70,63,63,69,70,87,90,81,64,76,57,75,31,61,64
A.J. Griffin,Atlanta Hawks,75,95,82,83,89,65,50,80,60,85,51,52,52,40,80,69,70,42,42,77,69,60,50,84,84,64,87,90,85,80,69,71,79,69,33,39,47
Bruno Fernando,Atlanta Hawks,74,75,65,42,70,25,25,75,80,78,64,63,65,50,75,64,44,33,89,60,65,62,40,74,74,85,75,85,85,80,52,50,50,65,42,90,82
Patty Mills,Atlanta Hawks,73,64,83,80,83,90,70,79,25,25,25,37,25,50,73,27,65,41,37,72,61,61,40,83,83,51,66,82,70,82,79,86,83,84,54,33,42
Kobe Bufkin,Atlanta Hawks,72,80,75,76,83,60,55,80,30,75,42,44,43,40,90,48,64,73,35,76,54,52,40,86,86,40,80,95,80,80,72,87,86,73,60,44,45
Wesley Matthews,Atlanta Hawks,72,77,68,75,86,70,30,78,45,50,63,65,65,45,85,38,78,40,52,79,75,79,70,70,75,55,70,85,80,84,72,75,68,77,30,47,49
Trent Forrest,Atlanta Hawks,70,90,72,62,85,60,65,83,40,60,59,62,62,72,95,58,60,40,40,70,60,55,40,82,82,59,75,80,80,80,70,76,78,68,63,35,57
Garrison Mathews,Atlanta Hawks,70,74,78,78,91,60,55,79,45,55,36,47,48,54,95,42,59,49,42,60,58,52,45,50,50,44,65,89,88,79,71,76,47,82,30,33,50
Mouhamed Gueye,Atlanta Hawks,69,68,67,66,63,60,40,65,70,75,52,51,52,58,80,60,48,52,60,55,57,50,45,67,67,63,75,88,80,80,60,60,52,62,44,68,65
Seth Lundy,Atlanta Hawks,68,72,76,78,82,50,35,76,25,60,47,48,47,44,80,44,65,57,40,74,57,57,40,85,77,55,75,85,66,80,62,67,74,60,29,54,59
Miles Norris,Atlanta Hawks,67,68,73,79,83,70,40,52,45,65,53,50,53,40,75,57,57,37,40,57,52,40,40,59,59,50,72,85,70,80,52,67,54,50,33,42,52
Jayson Tatum,Boston Celtics,95,90,96,88,85,98,98,95,50,89,74,84,83,97,98,81,88,43,56,88,89,90,85,82,82,71,83,95,98,80,78,86,79,84,67,44,82
Jaylen Brown,Boston Celtics,88,94,91,81,77,80,98,94,40,89,67,69,80,93,95,70,87,64,53,87,86,87,85,79,79,69,84,95,95,82,78,86,76,84,63,38,57
Kristaps Porzingis,Boston Celtics,87,97,92,80,85,90,98,79,90,75,84,88,87,75,98,78,56,38,84,62,82,60,65,66,65,74,78,94,85,77,50,68,56,40,38,52,69
Jrue Holiday,Boston Celtics,85,91,66,79,84,80,80,85,25,65,30,72,40,49,98,66,95,66,66,96,89,93,95,79,79,49,68,90,92,80,84,86,79,85,69,57,66
Derrick White,Boston Celtics,82,86,82,85,88,75,85,79,40,55,35,51,35,83,90,58,90,41,65,91,92,78,90,88,88,46,75,85,78,81,88,86,87,82,69,36,50
Al Horford,Boston Celtics,80,79,80,80,71,75,45,65,70,65,76,84,83,37,84,82,68,35,67,67,85,78,85,53,48,91,69,95,85,78,79,50,33,84,50,60,69
Sam Hauser,Boston Celtics,75,74,77,86,89,80,80,60,40,60,44,45,45,55,95,48,55,40,55,62,52,44,45,61,61,66,62,85,88,80,50,43,55,60,29,39,52
Luke Kornet,Boston Celtics,75,91,56,70,82,75,60,60,75,60,69,68,69,48,85,74,32,59,70,34,76,54,70,38,37,66,62,85,85,77,50,43,33,60,32,74,72
Payton Pritchard,Boston Celtics,74,82,76,76,88,85,75,77,25,35,40,46,35,40,75,36,60,33,25,74,60,45,35,75,75,41,66,84,78,81,79,79,75,82,69,56,50
Sviatoslav Mykhailiuk,Boston Celtics,73,86,80,83,67,80,75,74,40,55,42,47,38,49,94,37,55,43,42,67,50,54,30,82,82,54,69,81,65,79,69,64,75,64,63,41,47
Lamar Stevens,Boston Celtics,73,77,83,74,70,60,65,68,65,80,61,58,64,45,86,60,69,40,56,71,66,65,55,79,79,60,91,80,90,80,62,67,69,55,29,50,67
Dalano Banton,Boston Celtics,73,66,82,73,71,70,80,79,30,65,30,45,48,79,80,40,68,70,82,72,60,62,60,76,76,66,75,80,75,80,78,76,72,79,68,46,63
Nathan Knight,Boston Celtics,72,70,70,73,68,85,50,67,70,65,60,60,60,58,60,65,37,46,57,43,65,50,60,67,65,75,55,80,85,80,55,47,32,62,31,66,57
Oshae Brissett,Boston Celtics,72,67,67,73,72,75,75,75,70,75,64,62,59,54,81,57,40,66,50,52,57,50,35,63,67,75,79,85,80,83,47,59,52,54,30,57,66
Jordan Walsh,Boston Celtics,70,67,65,68,71,50,35,68,40,80,57,54,44,40,85,63,75,62,54,76,75,74,65,77,77,54,86,89,85,80,63,68,68,62,47,44,47
Neemias Queta,Boston Celtics,70,68,57,40,71,50,35,61,70,65,62,60,62,40,75,70,45,30,87,48,70,48,55,59,59,76,65,80,80,80,52,38,30,62,33,83,65
JD Davison,Boston Celtics,69,70,73,71,73,50,50,72,25,85,30,31,38,40,80,25,56,69,61,77,55,54,45,85,85,54,84,88,45,80,72,86,84,75,72,36,55
Mikal Bridges,Brooklyn Nets,86,95,87,82,90,75,90,75,40,75,55,57,57,80,80,69,89,68,51,89,82,86,85,80,80,68,85,92,95,84,78,82,72,88,64,46,62
Nicolas Claxton,Brooklyn Nets,85,90,64,64,54,75,50,75,80,75,72,64,72,55,80,89,79,41,97,77,90,64,85,69,69,71,79,90,89,80,40,49,44,48,38,78,79
Cam Thomas,Brooklyn Nets,82,96,93,80,87,80,98,90,50,75,58,70,75,85,74,41,59,41,57,75,59,58,40,77,77,54,79,86,75,80,59,82,70,52,43,29,52
Spencer Dinwiddie,Brooklyn Nets,80,87,64,81,81,80,85,84,35,55,49,52,52,87,98,42,74,33,35,77,68,59,70,82,82,45,75,95,85,77,88,88,82,90,74,32,52
Cameron Johnson,Brooklyn Nets,80,81,79,82,84,89,90,79,60,60,69,69,69,64,57,65,69,59,35,70,64,68,65,70,69,60,79,85,86,78,59,59,43,66,46,51,61
Lonnie Walker IV,Brooklyn Nets,78,91,85,85,86,75,75,82,40,75,48,53,48,67,75,55,74,41,58,78,62,65,35,89,89,64,83,85,65,82,70,78,77,67,51,28,60
Dorian Finney-Smith,Brooklyn Nets,78,68,71,85,76,90,95,80,40,84,54,50,54,58,72,72,83,30,57,82,74,74,75,67,67,62,83,80,80,81,65,60,44,68,32,58,53
Trendon Watford,Brooklyn Nets,76,87,68,79,72,85,85,79,75,80,69,69,69,69,70,66,52,66,53,52,52,50,40,63,63,79,80,85,80,80,59,50,57,62,68,67,74
Ben Simmons,Brooklyn Nets,76,76,46,50,44,70,30,80,83,86,76,73,78,50,75,79,82,45,63,81,81,75,80,87,87,80,85,97,80,83,79,86,83,80,73,67,88
Royce O'Neale,Brooklyn Nets,75,56,67,81,73,85,55,74,55,70,54,52,59,59,75,68,80,40,67,83,80,68,75,62,62,67,65,80,80,82,60,68,62,63,51,36,65
Day'Ron Sharpe,Brooklyn Nets,74,60,49,29,64,80,50,73,75,70,48,35,48,44,80,69,60,42,83,60,69,55,60,61,61,79,73,80,90,80,62,58,38,66,30,89,91
Dennis Smith Jr,Brooklyn Nets,73,67,65,70,74,70,75,76,25,85,30,31,38,69,80,25,66,63,50,77,65,75,45,86,87,54,91,88,45,80,76,86,85,75,72,47,48
Noah Clowney,Brooklyn Nets,71,74,69,68,65,50,35,68,80,80,60,59,60,51,80,68,57,37,62,59,67,66,55,64,64,64,75,90,85,80,57,59,57,68,34,73,71
Dariq Whitehead,Brooklyn Nets,71,77,76,79,79,60,40,70,50,80,44,51,47,37,80,40,65,64,52,74,67,67,45,79,79,52,82,90,70,77,67,78,76,66,44,37,48
Keon Johnson,Brooklyn Nets,70,60,68,78,66,60,35,70,35,85,35,35,35,45,80,45,70,66,52,83,69,68,65,95,95,40,98,88,85,80,75,72,84,70,70,40,47
Harry Giles,Brooklyn Nets,70,75,79,67,77,50,40,74,80,75,70,68,70,45,80,65,40,38,70,60,70,55,35,68,67,65,75,75,80,79,65,40,39,74,43,68,84
Armoni Brooks,Brooklyn Nets,69,76,79,72,81,75,80,69,30,55,39,36,28,65,70,32,64,46,51,70,60,48,45,70,70,45,66,80,80,81,70,76,69,69,41,37,52
Jalen Wilson,Brooklyn Nets,68,68,72,72,79,60,50,68,30,75,35,34,30,50,90,35,57,36,51,66,50,52,40,82,79,30,75,80,84,80,64,68,73,63,30,35,37
LaMelo Ball,Charlotte Hornets,88,83,74,83,84,95,95,85,45,75,52,58,52,82,98,45,70,63,45,83,79,89,75,84,84,50,79,93,89,82,93,88,84,93,86,49,59
Mark Williams,Charlotte Hornets,82,91,60,36,75,80,85,77,85,75,60,60,60,73,85,79,44,43,73,49,78,60,70,65,64,80,75,85,88,80,44,35,32,52,33,93,86
Miles Bridges,Charlotte Hornets,81,80,76,76,77,80,98,88,60,90,59,60,80,88,79,60,59,59,40,76,62,68,45,75,72,73,82,88,75,85,69,76,71,74,44,32,85
Terry Rozier,Charlotte Hornets,80,95,85,70,81,70,95,84,40,75,45,53,48,89,98,55,75,35,50,77,59,65,50,82,82,62,84,98,92,82,84,88,82,89,70,36,50
Brandon Miller,Charlotte Hornets,78,84,91,79,86,70,65,80,55,87,40,64,47,53,80,50,73,57,53,82,67,68,65,78,78,51,85,95,80,80,75,86,78,75,58,50,48
Gordon Hayward,Charlotte Hornets,78,84,90,78,81,70,85,85,40,75,40,65,58,65,91,56,73,59,55,76,73,58,65,80,77,63,75,88,80,78,74,77,77,79,69,41,62
P.J. Washington,Charlotte Hornets,77,87,78,76,73,80,80,75,65,80,68,70,71,74,95,62,52,35,60,67,64,62,40,75,75,68,69,85,85,79,55,70,63,60,36,41,61
Nick Richards,Charlotte Hornets,77,86,69,25,75,85,80,62,80,80,52,47,52,55,80,75,47,37,89,52,78,40,70,72,70,65,75,81,85,84,37,35,49,36,27,68,90
Cody Martin,Charlotte Hornets,74,72,60,82,73,80,70,85,25,75,59,59,55,79,75,48,69,42,40,72,69,69,60,58,58,58,75,90,90,80,74,73,57,78,42,56,58
Ish Smith,Charlotte Hornets,73,83,74,79,55,65,50,75,25,30,25,32,25,62,81,25,74,43,42,77,64,52,50,87,87,32,70,80,78,83,86,86,87,85,66,33,52
Frank Ntilikina,Charlotte Hornets,72,80,87,66,67,60,40,65,30,45,32,48,40,39,85,35,82,41,50,82,80,70,70,80,82,47,70,81,80,80,77,86,80,77,49,31,51
Theo Maledon,Charlotte Hornets,71,65,75,57,85,85,60,79,35,50,37,49,40,64,80,37,56,49,25,65,40,54,30,77,77,39,72,84,75,80,84,83,77,84,60,36,52
Nick Smith Jr,Charlotte Hornets,71,70,78,76,74,70,50,76,40,80,37,39,38,42,80,33,63,47,30,78,57,50,40,84,84,48,86,89,75,80,70,79,84,72,60,37,44
Bryce McGowens,Charlotte Hornets,71,69,74,80,75,75,50,74,40,80,42,42,42,55,78,37,66,41,40,75,65,60,65,74,74,48,81,85,75,80,52,74,72,50,31,32,55
J.T. Thor,Charlotte Hornets,71,86,70,77,70,55,60,70,55,70,67,66,68,41,75,65,63,35,58,64,62,62,50,84,84,50,82,85,80,80,65,60,69,66,30,52,63
James Bouknight,Charlotte Hornets,71,65,72,72,67,60,65,75,35,85,30,37,38,60,82,44,69,41,45,80,68,69,40,87,87,54,90,87,75,80,69,80,84,68,42,33,60
Amari Bailey,Charlotte Hornets,69,70,79,75,70,60,50,74,39,65,44,52,47,44,75,42,60,46,40,72,54,50,50,84,84,46,71,85,69,80,70,79,82,68,57,34,47
Leaky Black,Charlotte Hornets,67,67,65,70,74,50,25,66,40,80,42,38,40,38,70,59,69,62,65,73,70,65,55,75,69,50,77,85,80,80,55,60,63,50,32,41,56
Zach LaVine,Chicago Bulls,83,87,90,81,85,85,80,88,60,95,59,59,59,82,98,62,69,41,42,75,68,69,65,84,84,49,97,98,85,83,79,88,81,88,61,29,64
DeMar DeRozan,Chicago Bulls,83,88,88,76,85,70,85,88,55,80,65,78,87,83,85,50,70,43,67,76,70,59,65,82,82,73,88,88,80,91,73,83,80,75,70,38,42
Lonzo Ball,Chicago Bulls,81,55,65,84,79,60,85,79,30,75,35,44,40,59,84,60,84,80,62,86,84,85,85,85,85,52,80,93,70,80,88,86,85,89,70,41,62
Nikola Vucevic,Chicago Bulls,81,94,86,69,84,70,80,70,85,65,88,84,87,50,98,74,41,41,56,49,73,57,50,62,46,89,45,95,85,77,82,35,32,82,57,66,87
Alex Caruso,Chicago Bulls,80,90,67,83,81,65,50,70,35,75,30,43,29,45,90,51,91,86,74,92,90,92,95,82,82,31,72,85,85,81,78,78,82,80,53,52,53
Coby White,Chicago Bulls,77,71,76,83,87,70,80,79,30,65,34,45,49,67,80,49,64,46,45,73,66,64,45,85,85,56,81,90,85,80,77,86,84,77,68,30,47
Andre Drummond,Chicago Bulls,77,80,47,47,54,40,30,73,95,85,70,45,75,40,80,77,52,84,63,52,74,70,70,60,58,95,79,89,85,81,52,45,49,70,34,96,94
Patrick Williams,Chicago Bulls,75,62,78,79,85,70,60,68,60,65,44,42,40,45,80,70,76,63,77,74,80,65,65,70,70,64,77,88,75,81,60,70,64,62,34,45,63
Ayo Dosunmu,Chicago Bulls,74,89,76,78,81,70,70,84,25,75,35,50,42,59,87,38,69,46,47,78,68,69,65,76,76,52,75,85,75,80,72,79,73,79,47,41,46
Torrey Craig,Chicago Bulls,74,70,59,75,71,95,50,79,35,60,50,62,55,50,70,74,79,42,56,80,79,75,75,63,61,49,73,80,35,80,52,69,58,50,34,65,69
Jevon Carter,Chicago Bulls,74,69,85,82,82,80,80,75,25,35,32,34,30,40,80,34,79,49,61,83,72,75,70,76,78,60,71,85,76,81,75,79,76,70,45,27,34
Dalen Terry,Chicago Bulls,72,77,72,74,67,70,65,77,25,80,40,46,42,54,85,43,69,76,62,75,69,70,65,76,76,58,69,85,85,80,76,80,74,78,55,57,58
Terry Taylor,Chicago Bulls,71,81,70,74,77,85,75,70,40,45,54,52,58,40,69,54,66,31,60,74,65,40,45,77,77,69,80,85,65,83,60,66,70,62,30,77,46
Julian Phillips,Chicago Bulls,70,67,68,69,82,70,40,67,45,80,35,38,38,55,75,50,68,46,47,78,60,62,60,73,73,40,80,85,90,80,60,66,67,57,44,57,55
Adama Sanogo,Chicago Bulls,68,72,70,69,72,60,40,70,70,75,50,50,50,48,80,63,40,46,56,44,50,55,50,70,68,71,62,80,80,80,52,50,49,50,38,70,74
Onuralp Bitim,Chicago Bulls,68,70,72,79,73,55,50,70,40,65,50,51,49,30,82,50,57,42,55,64,59,50,35,62,62,65,69,84,80,80,66,69,60,69,47,51,52
Justin Lewis,Chicago Bulls,67,70,70,72,71,30,35,67,45,75,37,38,50,40,95,60,64,40,44,72,60,50,60,75,75,50,80,85,80,80,50,72,70,70,37,44,49
Donovan Mitchell,Cleveland Cavaliers,92,93,85,85,89,95,98,97,50,92,37,49,44,89,98,68,75,80,52,86,79,79,75,95,90,60,97,96,95,80,84,90,86,92,72,37,55
Darius Garland,Cleveland Cavaliers,86,94,94,81,86,85,90,90,25,40,32,37,42,74,90,31,69,73,42,78,69,66,50,88,88,40,84,95,95,80,92,89,88,95,80,34,43
Evan Mobley,Cleveland Cavaliers,86,74,79,66,67,60,90,84,85,80,79,72,79,70,95,94,80,41,84,78,94,85,95,72,72,74,81,94,90,80,69,60,66,84,62,68,85
Jarrett Allen,Cleveland Cavaliers,83,97,71,63,73,75,80,79,85,80,82,63,82,74,95,88,41,38,75,53,88,67,85,75,72,84,79,92,80,82,25,35,35,48,44,80,72
Caris LeVert,Cleveland Cavaliers,79,90,62,78,72,80,80,84,60,75,52,54,49,79,95,45,74,53,52,77,70,68,60,75,77,54,80,92,80,78,75,86,72,84,69,33,54
Max Strus,Cleveland Cavaliers,78,76,79,82,88,90,90,68,35,65,48,58,54,68,85,45,57,41,56,65,50,50,35,76,76,40,74,88,80,85,72,69,74,78,60,36,62
Isaac Okoro,Cleveland Cavaliers,76,88,60,80,76,60,40,80,45,75,47,49,50,50,95,68,84,53,57,85,80,82,85,77,77,67,80,89,80,82,69,72,73,69,38,63,51
Ricky Rubio,Cleveland Cavaliers,75,81,64,70,80,75,70,79,25,25,25,40,26,47,92,32,78,70,50,79,76,70,60,75,75,27,60,88,73,80,84,86,75,88,73,34,57
Ty Jerome,Cleveland Cavaliers,74,96,87,82,92,65,60,79,40,45,38,37,40,65,80,40,66,41,37,73,65,68,50,69,69,56,62,85,85,80,84,86,68,84,71,30,48
Craig Porter,Cleveland Cavaliers,73,83,74,78,73,75,65,76,30,50,44,48,49,60,85,44,68,59,65,74,52,50,50,79,79,48,72,88,80,80,75,73,79,75,73,35,56
Tristan Thompson,Cleveland Cavaliers,73,90,70,62,53,45,40,65,85,75,69,50,62,40,80,75,54,35,75,64,79,58,55,63,52,74,74,80,85,90,31,39,30,70,34,85,67
Georges Niang,Cleveland Cavaliers,72,83,73,79,87,70,65,77,25,50,70,71,70,40,74,60,55,31,37,55,62,60,40,44,46,60,72,88,80,84,65,67,44,70,31,33,67
Damian Jones,Cleveland Cavaliers,72,85,78,67,76,50,30,70,85,75,52,40,60,35,84,76,40,35,79,42,80,40,65,63,55,80,92,80,80,78,34,35,38,48,29,69,69
Dean Wade,Cleveland Cavaliers,71,78,68,76,65,80,50,60,80,75,60,60,64,44,70,50,67,59,50,68,70,68,60,62,62,60,83,80,85,79,38,60,43,55,30,51,67
Sam Merrill,Cleveland Cavaliers,70,60,76,83,89,92,75,64,30,45,30,44,48,55,80,42,60,46,35,64,52,62,45,62,62,44,60,80,60,79,74,76,60,79,43,38,51
Isaiah Mobley,Cleveland Cavaliers,70,68,70,69,68,65,55,60,60,71,58,57,58,58,90,61,44,41,69,49,55,44,45,58,58,62,69,87,65,80,68,49,44,75,54,60,81
Emoni Bates,Cleveland Cavaliers,69,77,80,80,78,50,50,74,45,65,40,42,42,47,75,43,53,40,30,63,52,40,30,69,69,42,73,85,50,80,55,77,68,52,33,46,52
Luka Doncic,Dallas Mavericks,95,97,85,88,79,98,98,98,65,75,85,85,87,98,98,66,74,49,51,75,74,76,75,84,84,72,79,98,98,85,98,98,83,98,93,50,82
Kyrie Irving,Dallas Mavericks,90,95,92,83,91,90,95,95,25,30,35,70,64,85,96,32,73,49,45,76,75,86,60,85,85,37,81,97,87,80,88,99,85,89,73,36,54
Tim Hardaway Jr,Dallas Mavericks,80,88,89,82,86,90,95,86,35,78,36,53,38,70,71,45,70,30,25,75,63,58,40,68,72,55,78,85,83,83,75,78,68,84,37,31,56
Dereck Lively,Dallas Mavericks,79,86,60,52,60,95,75,82,85,83,59,54,59,55,90,70,57,38,77,57,70,54,55,50,50,70,67,80,85,80,69,52,40,68,33,86,78
Grant Williams,Dallas Mavericks,78,78,72,86,77,90,80,79,50,60,59,58,66,60,90,68,58,30,57,70,69,60,65,58,60,73,66,88,90,80,69,66,54,72,33,46,47
Dwight Powell,Dallas Mavericks,77,92,65,78,67,50,95,70,75,65,77,79,79,83,90,74,45,37,68,58,68,74,65,71,48,80,67,90,95,83,55,60,44,64,43,68,61
Maxi Kleber,Dallas Mavericks,75,52,70,78,71,80,35,73,75,75,67,67,64,40,80,80,78,31,68,77,78,78,80,45,38,79,56,85,85,80,70,64,45,68,34,43,59
Josh Green,Dallas Mavericks,75,78,74,80,72,60,65,75,30,80,35,34,30,69,95,35,79,49,35,83,79,78,75,86,86,60,80,89,90,83,70,70,72,70,43,36,48
Jaden Hardy,Dallas Mavericks,75,80,65,78,82,80,95,80,40,80,47,49,49,66,85,34,55,41,25,76,50,51,50,83,83,39,85,84,85,80,75,83,76,75,56,40,56
Seth Curry,Dallas Mavericks,75,90,97,85,93,80,80,85,25,36,27,35,30,35,69,25,57,80,45,68,54,55,35,78,78,41,68,89,80,80,75,78,77,75,38,39,50
Derrick Jones Jr,Dallas Mavericks,75,85,68,79,74,80,70,79,85,94,50,52,52,66,90,60,59,38,68,71,60,68,30,77,76,59,93,83,90,78,65,68,61,54,31,46,57
Dante Exum,Dallas Mavericks,74,79,70,75,74,80,50,75,25,60,28,55,40,63,85,27,76,40,51,76,76,74,75,79,82,48,77,80,85,83,75,75,79,77,68,48,75
Richaun Holmes,Dallas Mavericks,73,94,70,62,77,40,40,78,85,75,70,57,70,50,80,75,40,30,67,56,68,55,50,57,55,82,81,80,95,82,42,58,38,54,28,68,67
Greg Brown,Dallas Mavericks,71,66,65,68,70,50,30,66,75,80,52,49,52,40,68,62,62,59,76,65,60,53,45,78,78,40,98,80,80,83,45,68,65,35,35,56,68
Olivier-Maxence Prosper,Dallas Mavericks,71,71,68,73,75,50,40,72,40,85,47,45,45,58,80,67,74,52,55,81,64,58,60,79,79,60,88,88,80,80,65,60,66,61,33,56,57
Markieff Morris,Dallas Mavericks,71,83,80,84,74,50,65,67,65,67,68,77,75,40,70,75,42,40,51,50,75,50,55,57,44,84,63,91,77,92,44,42,34,78,46,46,70
A.J. Lawson,Dallas Mavericks,67,70,68,75,55,60,50,68,45,75,52,52,55,42,75,48,60,36,25,67,60,65,50,74,74,34,80,85,80,80,62,69,69,64,28,57,66
Dexter Dennis,Dallas Mavericks,67,67,70,70,76,50,40,66,40,65,49,51,58,42,80,40,68,36,56,76,58,54,55,66,66,57,73,80,75,80,60,66,59,60,31,57,60
Nikola Jokic,Denver Nuggets,98,99,97,80,82,98,98,91,90,75,94,95,98,90,90,79,61,49,60,47,79,66,75,63,62,93,63,97,80,83,93,76,60,98,95,72,97
Jamal Murray,Denver Nuggets,88,93,80,87,83,98,98,90,30,82,38,46,74,78,84,35,77,31,60,77,74,70,70,80,80,54,80,95,85,78,84,89,79,85,79,32,44
Michael Porter Jr,Denver Nuggets,83,75,93,84,80,85,95,86,60,80,50,62,68,55,80,60,64,35,62,73,60,68,40,80,81,68,88,88,80,66,65,78,77,62,31,56,79
Aaron Gordon,Denver Nuggets,83,60,60,68,61,98,98,84,85,94,58,60,74,85,95,78,83,46,62,83,80,82,80,71,67,72,92,95,90,84,65,62,66,60,60,66,63
Christian Braun,Denver Nuggets,78,74,82,82,63,75,80,79,25,80,25,55,36,45,72,40,79,36,50,82,78,80,80,83,83,46,83,93,90,80,69,69,74,68,43,48,71
Kentavious Caldwell-Pope,Denver Nuggets,77,93,89,87,82,70,60,76,35,73,35,58,35,40,90,45,84,73,53,84,82,82,80,85,82,60,69,92,85,84,75,75,80,82,37,33,36
Reggie Jackson,Denver Nuggets,77,92,82,79,91,80,65,79,25,65,25,48,28,44,88,49,74,42,51,74,70,74,70,84,84,48,85,95,85,84,82,86,84,75,70,31,44
Peyton Watson,Denver Nuggets,75,89,75,78,55,90,70,79,60,65,44,42,40,40,80,59,68,43,85,71,65,62,60,77,77,55,82,88,75,80,60,70,76,62,32,44,49
DeAndre Jordan,Denver Nuggets,75,74,25,25,46,85,25,57,75,75,35,37,35,44,90,70,57,37,74,62,67,55,55,65,53,85,83,92,80,94,25,30,33,66,34,72,90
Julian Strawther,Denver Nuggets,73,85,74,76,77,80,80,79,35,60,40,40,40,44,95,44,65,33,56,70,60,65,55,63,63,53,64,90,75,80,64,74,57,65,37,29,47
Justin Holiday,Denver Nuggets,73,74,53,77,82,80,80,73,60,73,40,42,43,50,63,60,75,41,62,75,74,78,65,66,71,45,82,85,80,78,65,72,60,69,34,29,45
Vlatko Cancar,Denver Nuggets,73,88,70,82,92,80,70,77,45,65,42,44,45,45,80,48,73,40,53,74,68,65,65,60,60,63,70,80,65,87,52,64,54,54,43,41,58
Zeke Nnaji,Denver Nuggets,72,82,76,73,65,75,75,77,80,70,69,67,67,69,77,69,54,36,70,57,57,42,45,77,77,70,82,80,89,83,33,37,52,42,31,67,58
Jalen Pickett,Denver Nuggets,70,76,68,75,76,75,60,75,25,60,55,58,58,50,81,47,62,47,48,69,62,65,45,72,72,59,67,88,70,79,72,75,72,74,67,52,60
Hunter Tyson,Denver Nuggets,70,72,76,81,80,70,50,70,60,75,49,49,49,50,70,58,62,57,55,68,58,54,40,68,68,52,77,88,75,80,65,68,60,65,48,55,57
Collin Gillespie,Denver Nuggets,68,74,75,80,87,50,50,74,40,54,31,46,40,37,95,33,62,38,56,74,60,58,55,82,82,33,72,85,80,80,79,77,82,75,57,35,53
Jay Huff,Denver Nuggets,67,77,72,77,77,50,40,64,65,60,62,62,62,38,80,62,32,32,69,34,62,54,50,48,47,62,62,80,85,77,50,43,33,60,38,64,68
Braxton Key,Denver Nuggets,66,69,69,70,65,40,25,68,75,75,59,58,58,33,74,52,52,76,75,58,52,54,35,69,68,70,81,80,79,80,48,49,59,54,37,58,79
Cade Cunningham,Detroit Pistons,84,73,87,81,84,98,98,85,40,75,60,62,60,88,98,59,75,37,40,80,75,76,75,83,83,62,80,94,90,80,67,86,83,84,76,33,48
Jalen Duren,Detroit Pistons,83,93,57,35,65,75,85,79,80,80,75,62,77,79,80,72,62,38,71,67,72,66,60,73,73,81,84,89,90,80,59,59,59,50,65,88,89
Bojan Bogdanovic,Detroit Pistons,82,96,86,85,88,85,95,79,40,70,49,60,64,84,70,54,78,36,35,77,75,62,70,67,62,60,72,93,75,84,77,74,66,82,52,35,53
Ausar Thompson,Detroit Pistons,82,92,62,50,66,50,65,84,60,94,45,46,45,56,85,69,84,80,82,87,84,82,80,94,94,50,98,95,95,80,75,83,91,75,69,85,87
Marvin Bagley,Detroit Pistons,79,97,80,71,75,50,65,79,80,80,80,78,81,65,80,70,49,27,68,57,70,65,55,73,74,80,86,85,80,87,47,62,64,60,43,74,72
Jaden Ivey,Detroit Pistons,79,87,81,76,75,85,95,85,30,85,44,42,44,82,90,59,71,46,51,82,70,69,65,91,91,54,85,92,85,80,84,86,91,84,68,47,44
Monte Morris,Detroit Pistons,78,93,92,82,83,85,85,79,25,50,28,45,32,70,80,44,62,40,40,70,52,55,35,83,83,41,72,85,80,81,94,86,83,94,73,34,53
Alec Burks,Detroit Pistons,76,71,83,85,81,65,80,84,40,69,40,58,78,70,77,45,72,38,53,72,74,70,55,78,78,48,69,89,72,85,72,79,76,73,58,40,54
Marcus Sasser,Detroit Pistons,76,85,91,82,82,80,80,80,25,50,32,37,37,47,75,35,70,56,32,83,67,67,65,75,75,47,69,85,85,80,74,80,75,74,70,29,54
Isaiah Stewart,Detroit Pistons,75,84,76,79,74,65,60,76,75,70,75,64,80,70,79,70,54,30,61,60,72,42,50,63,62,80,70,89,87,77,44,34,52,50,32,60,71
Killian Hayes,Detroit Pistons,75,83,83,72,82,70,65,74,25,60,35,55,60,45,85,49,73,63,56,77,69,70,65,79,79,56,70,89,85,83,82,83,75,84,70,30,48
Joe Harris,Detroit Pistons,75,71,76,84,64,98,70,70,25,45,30,48,32,40,88,34,66,37,42,69,58,63,55,69,69,40,67,90,85,83,72,73,67,74,37,33,50
Isaiah Livers,Detroit Pistons,74,78,86,80,82,95,75,76,25,65,26,32,35,44,80,37,65,38,61,74,60,60,55,73,73,55,71,85,66,82,68,70,70,65,29,37,52
James Wiseman,Detroit Pistons,74,84,67,67,70,65,40,71,80,75,72,64,71,50,85,74,50,31,67,63,78,54,65,70,70,70,68,87,85,87,54,66,54,64,30,67,86
Stanley Umude,Detroit Pistons,71,73,70,76,73,65,60,67,30,60,42,43,45,47,74,52,67,38,71,68,65,57,60,67,67,52,70,85,73,82,68,68,65,68,32,33,67
Kevin Knox,Detroit Pistons,70,76,61,78,77,50,40,67,65,75,59,52,68,49,78,57,69,53,42,72,68,69,40,75,75,70,80,90,73,82,59,75,72,60,29,50,65
Jared Rhoden,Detroit Pistons,69,56,73,74,80,50,40,70,65,70,42,44,37,44,75,47,68,37,35,72,62,65,55,68,68,62,70,80,80,82,55,69,63,54,27,55,63
Malcolm Cazalon,Detroit Pistons,67,72,66,71,77,50,50,69,30,70,48,44,38,37,80,55,71,70,51,79,68,70,60,74,74,42,82,80,75,80,62,64,64,64,33,49,54
Stephen Curry,Golden State Warriors,97,90,98,99,92,98,99,97,25,36,35,52,35,94,98,30,75,40,35,77,78,85,65,84,84,48,73,98,98,86,93,97,84,97,70,35,58
Draymond Green,Golden State Warriors,83,92,70,74,71,65,55,70,55,65,60,59,63,40,85,93,86,42,62,82,93,84,95,73,74,85,66,85,90,88,83,78,69,92,82,58,70
Chris Paul,Golden State Warriors,82,93,78,75,83,60,70,86,25,27,40,55,70,50,85,61,83,76,30,83,80,75,80,80,80,62,75,80,75,77,90,90,80,90,85,30,60
Klay Thompson,Golden State Warriors,82,89,80,89,88,80,80,75,35,65,35,65,64,36,90,70,80,32,55,80,80,80,80,71,74,62,67,91,85,94,77,76,71,77,45,35,50
Kevon Looney,Golden State Warriors,79,97,58,69,61,75,70,78,75,70,55,52,62,52,66,72,46,49,52,62,74,64,65,58,69,74,63,85,96,84,55,61,48,66,64,90,88
Dario Saric,Golden State Warriors,78,88,65,81,83,70,85,82,45,70,81,79,81,60,92,70,49,46,53,61,74,50,65,63,69,65,60,82,86,81,75,69,57,84,61,65,83
Moses Moody,Golden State Warriors,76,93,77,78,70,60,75,80,40,70,44,48,49,70,80,68,71,66,53,77,69,60,65,73,73,68,70,88,80,80,65,74,70,64,36,55,62
Gary Payton,Golden State Warriors,76,88,70,78,66,60,60,79,35,75,30,42,42,75,89,79,83,96,51,83,76,91,95,81,81,48,85,85,80,83,75,78,81,72,34,57,55
Andrew Wiggins,Golden State Warriors,76,94,69,67,61,60,50,77,40,85,65,74,77,60,85,55,74,32,53,80,70,67,65,82,82,57,97,87,90,83,62,79,80,60,31,62,46
Jonathan Kuminga,Golden State Warriors,75,85,85,66,65,75,75,80,65,85,49,50,50,62,85,73,73,41,56,79,70,69,50,84,84,73,90,88,80,80,69,67,75,60,34,45,54
Trayce Jackson-Davis,Golden State Warriors,74,78,70,44,69,50,70,79,80,80,60,60,60,50,75,63,58,36,88,58,57,55,50,79,79,63,88,85,85,80,62,66,69,64,35,75,57
Brandin Podziemski,Golden State Warriors,74,80,77,81,77,60,65,75,35,60,54,55,55,60,85,45,63,43,25,69,62,72,45,82,82,54,78,89,85,80,69,80,81,68,68,53,75
Usman Garuba,Golden State Warriors,73,67,59,82,62,60,50,79,60,70,48,44,48,60,92,70,70,66,68,75,72,80,75,68,68,70,69,85,95,80,60,66,60,67,37,87,79
Cory Joseph,Golden State Warriors,72,88,75,82,79,70,60,72,25,30,27,39,29,55,85,54,75,41,40,80,68,59,65,72,72,40,65,88,70,84,80,84,72,80,72,34,44
Jerome Robinson,Golden State Warriors,70,60,76,66,80,60,65,76,30,60,30,37,38,54,78,49,62,53,56,76,58,60,35,76,78,60,71,80,75,83,74,77,76,76,41,32,54
Gui Santos,Golden State Warriors,68,73,69,71,65,50,40,72,50,65,52,53,57,45,69,66,69,58,52,69,70,57,50,73,72,50,74,80,60,86,57,62,69,55,33,53,58
Lester Qui√±ones,Golden State Warriors,67,73,71,76,75,70,35,73,25,65,42,44,40,44,80,33,63,37,31,68,52,51,40,70,70,44,74,80,68,80,64,70,64,68,59,44,56
Alperen Sengun,Houston Rockets,85,97,83,75,72,80,90,82,70,80,87,87,87,74,95,69,63,42,61,64,69,85,65,52,52,80,69,88,90,80,74,62,48,78,74,76,79
Jalen Green,Houston Rockets,83,71,80,78,79,80,95,89,40,91,56,56,56,89,95,45,73,38,51,77,70,68,60,88,88,55,92,88,85,80,77,86,84,79,55,31,60
Fred VanVleet,Houston Rockets,82,59,95,81,90,90,85,74,25,35,30,32,28,80,98,27,83,36,51,83,79,74,80,83,83,42,75,95,94,82,89,86,83,92,79,29,52
Jabari Smith Jr,Houston Rockets,80,97,72,81,79,80,80,75,65,85,69,69,69,54,85,70,69,38,61,72,67,67,55,76,76,60,75,89,70,80,65,75,69,66,32,54,81
Dillon Brooks,Houston Rockets,79,76,74,84,78,70,60,74,35,75,55,59,64,78,85,67,91,53,30,91,90,90,90,75,75,65,75,88,95,85,59,74,69,58,36,37,51
Tari Eason,Houston Rockets,78,67,72,79,75,85,80,79,35,80,54,52,51,61,80,65,71,46,86,77,70,68,50,80,80,70,80,85,85,80,50,70,72,47,36,67,84
Jeff Green,Houston Rockets,77,93,65,76,74,85,65,79,65,80,70,68,72,68,85,69,70,31,68,75,68,54,60,63,57,70,84,89,85,82,69,74,50,70,29,61,54
Amen Thompson,Houston Rockets,76,85,67,60,66,40,45,87,60,95,44,48,44,50,90,46,80,83,53,88,73,80,70,95,95,50,99,95,80,80,80,86,95,80,75,54,58
Jae'Sean Tate,Houston Rockets,76,96,70,75,73,55,90,84,65,75,69,68,69,64,85,70,70,90,57,70,68,69,65,69,69,65,75,89,95,80,70,74,62,72,38,56,66
Victor Oladipo,Houston Rockets,75,87,81,76,75,60,55,75,35,75,41,53,40,50,84,58,79,77,51,82,78,75,75,81,81,66,88,85,85,83,75,82,80,80,69,33,56
Cam Whitmore,Houston Rockets,74,79,76,75,70,50,50,83,40,85,57,59,59,58,79,57,67,67,51,76,57,58,50,84,84,68,84,88,80,80,68,86,84,69,44,40,65
Reggie Bullock Jr,Houston Rockets,74,87,81,82,70,85,80,71,40,50,30,51,42,60,66,50,75,38,37,75,70,71,70,63,67,50,72,80,85,80,75,71,56,72,32,33,56
Aaron Holiday,Houston Rockets,73,82,79,84,84,85,75,70,25,60,25,45,32,47,80,34,68,59,37,75,67,69,45,76,77,49,56,85,85,84,82,86,76,82,50,27,48
Jock Landale,Houston Rockets,73,90,64,63,75,80,70,60,65,60,60,60,86,66,80,65,48,46,67,48,62,60,45,54,54,64,75,80,75,80,58,52,45,64,40,86,72
Boban Marjanovic,Houston Rockets,72,91,70,63,74,75,55,50,95,60,69,60,76,70,40,73,30,42,51,35,65,73,65,25,25,71,40,70,45,65,60,35,25,35,36,80,87
Nate Williams,Houston Rockets,70,79,79,81,85,50,50,72,40,70,37,45,48,40,80,40,52,40,53,62,50,47,40,68,68,52,70,80,65,83,65,71,65,66,45,67,50
Jermaine Samuels Jr,Houston Rockets,68,66,66,69,63,50,40,65,70,85,58,58,59,40,70,63,63,42,47,63,60,50,40,81,78,66,82,85,85,80,52,62,68,52,35,66,65
Nate Hinton,Houston Rockets,67,60,70,73,76,60,40,70,40,75,49,51,58,42,80,40,62,36,56,73,58,54,35,80,80,57,84,80,75,80,60,66,70,62,31,57,60
Tyrese Haliburton,Indiana Pacers,92,97,97,87,89,90,98,92,40,65,42,49,40,89,95,60,77,42,56,76,78,75,75,83,83,59,70,95,90,80,98,89,83,98,98,33,53
Myles Turner,Indiana Pacers,84,90,82,81,78,85,85,79,80,65,76,80,88,60,95,86,70,37,88,66,90,70,85,56,32,80,69,95,80,83,31,35,32,68,34,62,86
Bennedict Mathurin,Indiana Pacers,80,86,78,76,83,75,80,78,35,80,55,58,55,84,90,42,69,42,40,78,65,62,50,84,84,54,82,92,85,80,75,79,81,82,34,52,53
Buddy Hield,Indiana Pacers,80,75,80,90,82,70,85,75,25,65,28,45,48,59,94,48,69,38,56,74,54,60,50,75,78,41,78,90,60,82,70,79,74,70,52,37,53
Obi Toppin,Indiana Pacers,80,90,75,76,81,95,75,81,85,90,67,67,69,40,90,66,48,43,45,47,62,47,40,70,69,74,90,88,70,88,55,60,56,59,31,45,52
Bruce Brown,Indiana Pacers,80,78,76,79,76,98,85,80,30,70,28,34,42,65,95,58,77,53,45,77,79,75,65,78,78,75,80,92,80,84,79,79,76,87,40,34,59
Aaron Nesmith,Indiana Pacers,79,78,71,86,84,95,90,77,35,55,53,57,57,78,85,67,69,43,58,68,72,57,60,68,68,52,74,87,85,81,69,70,64,65,30,45,53
T.J. McConnell,Indiana Pacers,78,97,92,84,85,70,80,76,25,25,44,58,38,40,79,49,82,66,37,82,70,87,80,76,76,44,65,85,92,83,88,79,73,86,77,45,63
Jalen Smith,Indiana Pacers,77,92,69,74,76,70,65,69,85,80,68,66,67,47,80,70,48,38,53,62,73,44,55,69,68,65,86,82,75,80,29,38,49,40,33,76,87
Andrew Nembhard,Indiana Pacers,77,89,92,75,79,85,85,80,39,60,44,52,47,54,75,68,80,63,25,81,78,75,75,76,76,46,71,85,69,80,80,79,74,80,73,42,45
Jordan Nwora,Indiana Pacers,76,86,68,84,79,98,85,76,60,65,49,47,50,69,60,52,52,37,50,65,54,50,50,59,57,60,72,82,85,78,59,64,43,65,41,48,65
Isaiah Jackson,Indiana Pacers,76,74,69,59,65,65,60,79,85,80,59,48,55,56,80,70,54,46,91,64,66,49,55,73,73,65,81,82,80,80,40,59,54,44,33,88,78
Jarace Walker,Indiana Pacers,74,80,68,71,66,40,40,80,80,87,57,58,58,40,80,70,67,77,80,70,65,62,65,81,81,80,90,90,85,80,69,62,70,68,47,74,66
Ben Sheppard,Indiana Pacers,70,67,78,80,70,60,50,68,35,60,48,49,47,49,80,54,64,64,52,74,60,65,50,84,84,54,75,85,75,80,70,73,74,70,49,40,52
Oscar Tshiebwe,Indiana Pacers,69,70,69,37,70,45,30,62,75,75,54,48,48,37,95,69,48,31,72,48,69,40,55,75,67,69,75,80,90,80,42,40,39,55,37,80,80
Kendall Brown,Indiana Pacers,69,70,68,73,69,80,40,67,57,80,39,38,40,34,80,59,68,55,52,68,65,65,60,74,74,44,84,85,81,80,70,71,67,69,50,39,47
Isaiah Wong,Indiana Pacers,68,76,76,75,82,60,50,74,25,45,26,32,26,59,80,37,60,53,32,67,60,57,45,79,76,40,80,85,69,80,67,76,74,67,53,33,44
Kawhi Leonard,Los Angeles Clippers,90,94,87,82,87,98,95,90,55,80,65,88,85,66,98,79,94,76,56,94,95,90,95,84,84,79,79,87,85,82,79,86,83,78,64,41,61
Paul George,Los Angeles Clippers,88,95,79,82,87,85,95,89,55,85,40,70,75,55,80,79,87,83,32,87,88,80,85,79,79,70,88,95,75,93,78,87,79,75,65,34,67
James Harden,Los Angeles Clippers,86,87,96,83,87,70,85,92,35,84,60,74,69,94,98,62,70,63,56,75,63,82,65,85,85,71,87,98,97,95,82,97,85,94,80,32,62
Ivica Zubac,Los Angeles Clippers,80,98,74,26,70,80,85,79,80,75,81,54,88,75,82,77,34,28,83,45,75,40,45,26,25,80,75,80,90,80,70,35,26,47,29,85,84
Russell Westbrook,Los Angeles Clippers,80,78,76,71,66,75,85,82,30,80,45,66,66,50,85,42,74,86,47,81,70,55,70,91,91,75,92,92,85,92,82,86,91,84,80,53,71
Norman Powell,Los Angeles Clippers,79,95,83,86,81,75,80,85,25,80,30,32,28,78,88,50,79,42,58,78,77,74,75,79,83,46,80,92,90,82,74,79,77,75,33,27,46
Mason Plumlee,Los Angeles Clippers,78,87,60,58,54,75,65,81,85,80,75,70,70,60,81,74,46,56,47,48,77,68,75,57,41,80,75,78,92,83,75,37,50,72,35,67,87
P.J. Tucker,Los Angeles Clippers,75,91,74,83,83,85,55,55,50,60,49,48,50,36,81,77,80,43,51,80,74,75,80,63,63,82,66,88,90,91,70,65,44,69,28,63,56
Bones Hyland,Los Angeles Clippers,75,80,75,81,84,75,80,84,25,60,30,32,32,85,85,30,66,43,25,72,64,63,55,87,87,32,68,88,85,80,74,79,84,75,67,31,41
Terance Mann,Los Angeles Clippers,75,79,85,74,78,75,75,78,45,75,47,50,50,72,75,54,66,56,56,73,62,59,50,71,70,50,79,85,90,80,79,79,70,83,54,52,56
Joshua Primo,Los Angeles Clippers,74,73,77,73,75,85,85,69,40,60,34,34,34,39,95,44,70,37,60,77,70,55,60,76,76,27,71,85,85,80,64,70,73,64,41,42,47
Daniel Theis,Los Angeles Clippers,74,81,80,73,75,65,30,70,79,78,74,54,73,35,85,79,53,37,83,54,83,57,80,57,67,82,75,90,87,65,69,49,42,54,46,60,64
Amir Coffey,Los Angeles Clippers,72,78,69,69,78,70,50,84,25,40,38,53,54,69,81,47,64,31,42,69,68,64,50,75,75,52,75,80,70,79,72,75,75,74,42,40,41
Brandon Boston Jr,Los Angeles Clippers,72,66,70,78,76,90,85,79,30,80,30,30,30,44,78,49,62,53,25,72,52,50,30,79,79,50,80,80,75,83,64,76,75,66,47,41,50
Moussa Diabate,Los Angeles Clippers,70,65,68,67,61,50,40,67,65,80,50,50,51,35,68,65,41,53,75,56,65,50,55,73,73,60,78,80,75,80,42,40,66,52,27,87,52
Kobe Brown,Los Angeles Clippers,70,80,72,75,79,50,60,72,60,65,64,64,64,50,80,62,62,52,57,62,60,57,45,60,60,74,66,88,85,80,62,60,57,64,37,57,62
Jordan Miller,Los Angeles Clippers,68,67,70,72,74,50,35,70,40,80,54,52,58,40,65,54,65,57,67,75,60,40,45,84,78,52,81,85,70,80,60,69,72,62,47,37,42
Xavier Moon,Los Angeles Clippers,67,70,70,78,89,55,50,74,25,40,27,34,32,47,69,30,50,76,40,64,44,37,30,73,73,44,70,85,75,80,66,73,70,65,73,33,47
LeBron James,Los Angeles Lakers,96,94,80,79,77,95,98,98,80,89,82,90,84,96,98,79,79,63,75,79,78,90,60,87,87,89,89,99,93,97,90,87,85,97,82,54,80
Anthony Davis,Los Angeles Lakers,92,97,67,70,78,70,98,85,90,88,83,86,86,90,95,94,80,42,92,78,93,90,95,79,78,92,86,97,98,78,60,75,67,72,60,74,87
Austin Reaves,Los Angeles Lakers,82,83,91,81,86,90,90,87,25,70,31,32,32,95,85,35,73,53,30,73,73,70,65,83,83,44,81,85,80,80,70,73,78,74,72,44,61
D'Angelo Russell,Los Angeles Lakers,81,82,80,82,83,70,90,88,25,45,35,55,60,88,81,40,65,36,56,67,68,70,45,81,81,54,71,93,65,83,87,90,81,88,74,32,50
Rui Hachimura,Los Angeles Lakers,80,69,97,83,74,85,80,73,80,80,74,70,72,60,85,60,54,56,47,67,59,50,35,72,74,79,80,90,85,80,51,72,67,54,32,50,56
Jarred Vanderbilt,Los Angeles Lakers,79,85,69,74,69,75,80,75,75,75,40,32,50,50,85,80,80,63,47,77,82,88,80,75,76,70,80,75,95,78,60,65,65,38,50,70,83
Christian Wood,Los Angeles Lakers,78,89,72,79,77,60,80,87,90,85,81,79,81,65,95,60,60,30,62,62,74,62,50,56,59,74,66,93,85,83,30,60,44,40,30,53,85
Gabe Vincent,Los Angeles Lakers,76,91,95,77,87,80,75,76,25,45,26,32,26,49,80,37,60,76,25,65,60,57,45,73,73,40,66,85,69,82,78,80,70,79,54,35,29
Taurean Prince,Los Angeles Lakers,75,94,60,75,84,70,60,70,75,70,52,45,51,55,85,64,74,36,55,76,68,81,60,80,78,60,84,84,85,81,68,70,69,55,32,32,40
Cam Reddish,Los Angeles Lakers,75,89,58,77,85,60,85,78,50,80,43,52,47,70,95,55,76,93,50,80,75,74,75,85,85,52,84,90,65,80,68,81,79,69,31,36,47
Jaxson Hayes,Los Angeles Lakers,74,96,68,60,70,70,70,71,85,80,68,54,65,52,90,78,48,40,76,64,79,45,65,58,60,72,75,80,95,80,29,38,41,40,29,57,56
Jalen Hood-Schifino,Los Angeles Lakers,72,73,83,73,77,70,60,74,35,65,49,49,52,44,90,52,74,40,45,78,60,59,55,79,79,48,72,85,85,80,78,82,79,77,68,31,49
Max Christie,Los Angeles Lakers,71,75,76,76,82,50,45,70,35,80,39,42,42,41,90,44,63,37,47,70,60,57,50,87,87,55,82,98,80,80,68,70,78,66,35,34,67
Maxwell Lewis,Los Angeles Lakers,69,70,70,77,79,70,40,70,35,70,30,38,26,42,76,25,68,43,47,75,60,52,50,67,67,44,75,85,80,80,60,70,62,64,42,33,42
Alex Fudge,Los Angeles Lakers,67,68,60,63,58,60,35,66,40,80,44,44,31,41,80,46,62,30,25,75,50,40,40,85,79,42,84,80,75,80,60,71,73,62,26,46,42
Colin Castleton,Los Angeles Lakers,67,73,64,40,73,50,40,64,65,65,60,61,62,38,80,62,32,32,70,34,62,54,50,58,54,63,63,80,75,80,50,57,33,60,38,64,65
D'Moi Hodge,Los Angeles Lakers,67,70,72,74,73,60,40,68,45,65,40,45,49,55,69,48,69,53,32,76,60,50,50,76,72,48,79,85,65,80,66,71,69,65,34,49,48
Ja Morant,Memphis Grizzlies,92,90,80,75,76,80,98,97,25,97,54,54,54,95,98,49,72,60,42,83,79,78,75,95,95,52,97,97,98,80,96,96,95,95,90,41,66
Jaren Jackson Jr,Memphis Grizzlies,85,85,89,75,79,75,95,82,85,80,85,83,86,60,80,96,71,35,92,76,95,71,95,63,65,82,75,90,80,94,45,60,33,50,40,57,67
Desmond Bane,Memphis Grizzlies,84,74,94,87,88,75,95,90,35,75,49,61,56,84,84,59,80,56,60,80,78,78,80,74,74,56,78,92,85,78,80,82,70,80,73,37,57
Marcus Smart,Memphis Grizzlies,80,90,74,73,75,75,40,70,25,50,25,58,78,27,70,74,91,96,51,93,90,91,90,75,82,73,83,89,90,83,75,74,74,75,72,29,46
Steven Adams,Memphis Grizzlies,80,94,65,26,36,60,65,69,70,70,79,62,82,49,79,82,55,43,76,63,85,79,80,48,37,81,68,88,90,82,69,35,33,68,42,97,86
Santi Aldama,Memphis Grizzlies,77,81,74,79,75,90,85,66,70,65,69,69,69,55,85,65,63,37,66,60,74,59,55,59,59,70,59,80,80,79,60,42,54,50,50,47,78
Brandon Clarke,Memphis Grizzlies,77,97,86,57,72,55,30,87,80,84,63,62,62,64,80,78,75,43,71,78,78,72,75,82,83,64,82,90,95,80,59,69,65,62,38,67,79
Derrick Rose,Memphis Grizzlies,76,78,70,74,89,65,90,86,25,45,55,55,55,65,85,50,67,40,45,75,66,64,40,86,86,50,89,85,95,69,83,86,86,88,70,41,44
Xavier Tillman,Memphis Grizzlies,76,78,63,57,55,75,65,70,75,65,70,70,70,46,95,78,66,84,73,67,80,84,75,46,44,72,69,82,94,80,62,61,37,68,57,65,80
Bismack Biyombo,Memphis Grizzlies,75,90,62,25,36,70,60,60,80,68,48,45,54,69,75,82,50,35,82,55,85,54,70,48,48,80,63,79,95,83,25,35,25,74,40,87,76
Luke Kennard,Memphis Grizzlies,75,85,83,86,94,80,80,70,30,60,28,50,35,49,95,35,51,42,40,65,50,50,45,69,68,40,60,92,85,80,76,78,66,79,53,34,60
David Roddy,Memphis Grizzlies,73,69,70,67,63,50,75,77,50,60,62,62,62,59,81,64,65,42,61,70,69,62,55,75,74,73,66,88,85,80,62,66,54,60,31,46,63
Ziaire Williams,Memphis Grizzlies,73,76,77,70,77,50,35,82,65,80,48,44,58,55,75,60,73,36,56,77,70,71,65,87,87,40,82,90,88,80,50,79,82,54,38,41,77
Jake LaRavia,Memphis Grizzlies,72,72,72,79,78,70,65,73,60,75,45,47,46,61,70,69,43,42,47,69,66,58,40,59,59,62,72,88,85,80,69,68,57,68,32,49,53
Kenneth Lofton Jr,Memphis Grizzlies,72,83,74,70,59,70,50,74,55,75,70,68,70,50,80,57,38,38,50,57,57,52,50,64,64,82,70,85,90,80,60,62,58,64,66,77,73
John Konchar,Memphis Grizzlies,71,69,76,76,78,75,50,77,40,55,44,47,47,40,85,54,62,46,77,69,50,60,45,62,63,40,70,93,90,84,74,76,60,79,47,57,75
Shaquille Harrison,Memphis Grizzlies,69,61,49,77,78,40,45,79,40,70,34,40,33,52,84,40,80,83,55,83,79,89,75,73,75,45,89,90,85,81,79,77,71,79,75,30,77
Vince Williams Jr,Memphis Grizzlies,69,68,71,78,78,60,40,69,35,70,41,53,39,44,76,35,64,83,56,71,55,68,45,68,68,52,70,87,65,80,69,70,60,65,29,45,52
Jacob Gilyard,Memphis Grizzlies,69,60,72,82,87,50,45,67,25,25,28,28,25,37,78,30,55,59,37,80,49,58,45,88,88,32,80,85,80,80,84,86,88,82,73,39,41
GG Jackson,Memphis Grizzlies,68,74,79,71,67,40,40,74,65,85,49,49,49,44,85,58,58,41,60,68,55,69,40,82,79,62,82,88,60,80,59,62,75,50,40,52,56
Jimmy Butler,Miami Heat,93,84,81,83,85,98,95,94,40,80,80,80,80,98,98,80,90,83,56,92,92,92,90,84,84,76,82,97,98,81,85,86,82,89,68,57,51
Bam Adebayo,Miami Heat,88,94,82,65,81,60,60,81,85,80,80,80,81,70,90,93,83,59,67,73,92,80,90,74,74,85,83,92,90,90,72,69,66,74,69,60,89
Tyler Herro,Miami Heat,85,88,87,86,93,90,98,93,30,60,37,55,48,84,95,46,69,59,25,70,65,60,50,79,78,59,72,85,75,80,79,83,74,84,71,31,65
Duncan Robinson,Miami Heat,79,89,81,87,90,95,65,75,30,70,40,44,35,64,90,50,52,32,35,65,50,50,30,59,59,35,72,85,75,83,66,72,56,70,57,30,48
Kevin Love,Miami Heat,78,85,75,76,88,60,45,72,70,50,77,84,84,50,95,69,50,28,40,54,75,57,50,66,38,82,70,75,96,77,65,52,33,77,62,55,95
Kyle Lowry,Miami Heat,78,80,75,82,86,95,35,70,25,25,38,44,40,45,95,60,78,70,40,82,78,75,75,84,84,67,72,96,97,79,75,79,84,75,70,42,56
Jaime Jaquez Jr,Miami Heat,77,84,68,82,77,75,75,74,55,70,60,64,63,45,80,68,72,59,42,75,75,72,70,67,67,68,82,88,90,80,70,73,64,74,57,52,53
Caleb Martin,Miami Heat,77,60,93,72,81,90,80,84,25,70,55,54,54,69,75,68,75,73,37,74,74,72,70,55,55,58,74,85,90,80,62,69,54,69,41,52,58
Josh Richardson,Miami Heat,75,80,95,71,85,70,60,75,50,78,30,48,32,45,80,69,81,41,50,81,80,80,80,80,80,57,72,95,80,83,69,78,79,68,60,35,47
Haywood Highsmith,Miami Heat,75,82,70,79,60,90,75,68,35,50,52,54,52,44,80,60,79,83,73,81,78,77,75,70,70,50,79,80,65,86,55,70,64,55,39,41,53
Thomas Bryant,Miami Heat,75,91,86,82,74,50,80,72,75,65,77,77,77,58,78,63,40,53,63,57,79,50,50,62,57,80,52,88,95,82,40,53,53,42,32,65,84
Nikola Jovic,Miami Heat,73,85,70,67,72,79,75,79,30,60,55,60,44,47,80,59,62,49,50,65,60,57,40,68,68,44,72,85,70,80,69,70,67,68,33,50,58
R.J. Hampton,Miami Heat,72,82,82,79,75,45,75,83,40,75,54,57,50,50,98,49,71,49,51,77,60,63,50,90,90,54,83,89,70,83,75,83,88,77,41,37,51
Dru Smith,Miami Heat,71,57,74,76,84,55,70,79,40,45,38,37,40,40,80,40,63,88,62,69,65,68,50,70,70,43,62,85,75,80,74,76,70,74,60,50,42
Orlando Robinson,Miami Heat,70,86,69,74,71,85,70,60,70,60,49,48,50,38,85,54,36,42,68,36,55,54,45,49,49,64,64,80,85,77,52,40,35,54,36,84,81
Jamal Cain,Miami Heat,70,80,59,70,77,75,65,80,65,70,59,55,57,40,75,60,68,70,35,68,55,50,50,66,66,60,75,80,70,83,44,53,60,49,34,60,72
Cole Swider,Miami Heat,67,70,72,79,80,50,40,65,55,60,52,55,55,40,70,75,42,37,35,50,75,50,55,52,52,54,63,85,65,80,55,42,47,59,38,44,51
Giannis Antetokounmpo,Milwaukee Bucks,96,95,81,64,65,75,98,98,85,91,79,74,87,97,95,90,90,49,80,90,92,88,95,89,87,94,85,98,95,91,84,87,80,95,72,66,90
Damian Lillard,Milwaukee Bucks,93,91,86,87,92,98,98,96,25,85,30,38,42,96,98,31,69,42,30,76,72,77,60,87,87,63,89,97,95,98,92,95,86,93,73,34,54
Khris Middleton,Milwaukee Bucks,85,91,97,81,90,65,80,84,40,65,67,80,83,65,85,72,84,46,32,84,83,80,80,71,72,73,66,92,80,90,78,77,71,78,75,47,67
Brook Lopez,Milwaukee Bucks,83,82,84,80,78,85,85,60,80,65,80,80,80,60,95,94,45,41,90,60,94,78,95,25,25,89,60,92,90,79,35,35,25,78,29,54,58
Bobby Portis,Milwaukee Bucks,80,97,79,77,77,70,75,74,75,70,80,80,82,74,85,78,40,49,56,50,75,65,65,65,64,80,64,85,90,84,55,52,59,52,35,51,85
Jae Crowder,Milwaukee Bucks,76,92,86,86,80,65,45,77,70,60,63,65,70,47,85,70,78,42,51,79,80,90,75,68,69,82,73,93,93,89,65,75,66,83,34,34,59
Malik Beasley,Milwaukee Bucks,76,97,72,85,77,80,80,80,45,78,63,65,41,50,76,48,66,43,30,75,60,54,45,75,75,55,79,93,85,84,69,79,68,70,33,37,60
MarJon Beauchamp,Milwaukee Bucks,75,79,74,79,73,75,85,79,40,70,29,42,44,65,74,54,69,36,35,74,65,69,45,76,76,52,82,89,70,80,65,70,70,67,34,50,50
Cameron Payne,Milwaukee Bucks,74,84,84,84,77,75,80,83,25,25,25,36,31,75,72,31,60,40,40,70,51,52,40,75,75,39,72,82,75,84,75,86,75,79,66,27,43
Robin Lopez,Milwaukee Bucks,73,96,73,76,60,45,40,78,75,60,96,55,85,50,88,70,55,28,65,25,80,64,70,25,25,80,57,85,95,82,30,35,25,69,37,67,52
Pat Connaughton,Milwaukee Bucks,73,78,69,76,66,70,45,84,30,86,35,34,30,66,90,35,69,37,42,74,50,54,50,77,78,45,95,80,90,83,69,78,65,78,42,40,58
Andre Jackson Jr,Milwaukee Bucks,72,70,68,70,70,50,40,70,40,85,43,44,44,37,87,53,74,42,48,74,70,38,65,87,87,50,84,90,80,80,69,69,74,64,45,67,47
TyTy Washington,Milwaukee Bucks,72,78,77,70,75,85,60,76,25,75,25,38,26,50,80,55,66,49,37,76,62,70,40,80,80,54,79,95,85,80,68,86,80,69,60,27,52
A.J. Green,Milwaukee Bucks,71,60,78,82,90,60,80,71,40,40,34,34,48,45,80,40,63,35,25,66,50,60,45,69,69,42,75,80,75,80,61,70,68,68,36,34,53
Thanasis Antetokounmpo,Milwaukee Bucks,70,71,66,66,50,65,40,80,40,85,53,50,60,69,64,42,59,33,51,60,54,50,40,77,75,42,82,80,90,87,54,69,69,75,38,64,61
Lindell Wigginton,Milwaukee Bucks,70,67,68,78,69,70,65,79,30,60,25,40,25,50,75,27,68,40,37,72,68,67,50,75,75,44,72,84,71,84,69,75,74,70,71,33,53
Chris Livingston,Milwaukee Bucks,69,76,68,70,72,60,35,76,50,80,39,44,40,37,79,52,64,47,48,74,52,62,40,80,80,54,83,85,65,80,65,69,68,52,34,52,51
Marques Bolden,Milwaukee Bucks,68,68,60,30,68,50,30,64,70,65,64,52,62,32,80,70,40,49,78,42,74,55,40,59,58,65,77,85,85,84,30,35,34,32,30,68,69
Anthony Edwards,Minnesota Timberwolves,90,80,94,83,76,98,98,94,50,90,60,62,62,88,98,59,83,59,50,84,82,80,85,89,89,52,86,89,90,83,74,86,83,79,72,39,62
Karl-Anthony Towns,Minnesota Timberwolves,86,92,90,83,87,70,90,78,90,75,85,84,85,70,98,69,50,42,60,61,79,55,55,76,76,87,70,98,80,82,60,65,66,79,56,41,85
Rudy Gobert,Minnesota Timberwolves,84,87,60,25,64,80,50,60,90,75,65,58,65,70,85,90,64,37,88,65,90,74,85,48,25,87,57,90,95,81,68,35,25,58,31,90,86
Jaden McDaniels,Minnesota Timberwolves,80,95,89,82,74,75,80,74,40,75,52,56,54,52,85,83,88,38,52,88,88,88,90,79,78,60,80,85,85,90,44,78,70,40,34,41,41
Naz Reid,Minnesota Timberwolves,79,96,74,82,68,85,90,82,80,80,72,64,72,84,94,77,54,49,62,54,77,59,55,50,49,80,70,88,92,80,59,58,49,65,29,47,77
Mike Conley,Minnesota Timberwolves,79,92,85,86,83,70,70,76,25,30,25,40,29,60,84,31,83,46,35,82,83,80,80,83,84,40,92,85,80,82,90,89,83,90,73,37,43
Kyle Anderson,Minnesota Timberwolves,77,97,70,81,74,95,80,79,55,45,45,48,41,49,70,60,79,53,71,80,78,75,75,66,67,62,66,85,64,83,78,81,65,79,71,41,55
Shake Milton,Minnesota Timberwolves,74,78,81,70,85,80,70,78,30,60,46,44,40,50,89,30,65,53,42,74,58,50,40,77,79,38,77,88,85,83,79,84,77,79,43,35,53
Troy Brown Jr,Minnesota Timberwolves,73,82,73,82,87,50,55,70,30,70,54,59,54,65,80,48,72,42,45,78,72,71,55,70,71,58,69,85,80,81,75,77,61,75,33,67,76
Jordan McLaughlin,Minnesota Timberwolves,73,85,74,72,75,95,70,84,25,65,25,25,25,49,70,25,73,66,37,74,52,74,60,72,72,52,74,80,70,83,83,84,70,80,73,37,43
Nickeil Alexander-Walker,Minnesota Timberwolves,73,89,76,79,67,60,60,80,40,60,54,58,64,60,88,52,78,53,72,79,70,74,75,72,75,60,70,90,75,80,75,81,72,76,62,34,45
Luka Garza,Minnesota Timberwolves,72,86,70,80,79,70,85,69,60,45,69,69,69,59,85,54,30,32,42,32,52,56,30,40,40,69,48,80,85,80,55,35,34,55,44,91,60
Wendell Moore Jr,Minnesota Timberwolves,71,66,70,76,81,70,45,71,50,80,52,52,52,52,72,66,72,76,67,82,70,72,60,70,70,58,83,85,90,80,57,67,68,54,60,40,50
Leonard Miller,Minnesota Timberwolves,70,74,70,72,79,60,50,75,65,85,59,54,55,37,80,57,63,52,57,67,60,59,40,73,73,55,82,90,75,80,51,70,70,52,43,52,71
Josh Minott,Minnesota Timberwolves,70,74,65,64,75,50,30,75,65,80,51,55,52,40,75,48,63,63,74,70,60,65,60,72,72,62,80,80,80,80,62,63,68,60,44,66,69
Daishen Nix,Minnesota Timberwolves,70,74,60,72,67,65,70,75,40,75,35,51,42,40,80,37,60,46,42,73,52,58,40,90,90,63,75,80,85,80,72,75,87,74,68,35,49
Jaylen Clark,Minnesota Timberwolves,68,68,60,70,69,60,25,72,50,70,40,38,44,40,72,52,81,78,50,86,77,70,70,79,78,55,77,85,94,79,50,66,76,50,39,51,50
Zion Williamson,New Orleans Pelicans,88,89,70,70,64,90,95,98,95,97,90,80,87,90,95,59,55,43,47,76,64,70,40,85,85,92,99,83,95,60,65,78,74,72,72,62,56
Brandon Ingram,New Orleans Pelicans,85,97,96,80,87,80,95,90,65,80,64,70,70,84,98,61,69,36,35,72,75,68,40,74,74,42,77,95,80,85,75,85,70,79,73,35,62
C.J. McCollum,New Orleans Pelicans,85,97,84,84,77,98,98,90,30,40,38,46,32,82,91,35,70,63,62,76,70,50,65,82,84,60,80,98,95,80,78,86,82,82,72,37,56
Jonas Valanciunas,New Orleans Pelicans,83,94,74,80,83,70,70,80,80,65,87,64,86,65,95,75,43,35,86,48,80,54,60,62,46,89,54,90,80,81,36,35,33,65,59,67,88
Herbert Jones,New Orleans Pelicans,80,90,66,77,76,90,85,79,55,75,62,62,62,55,85,62,88,93,83,87,84,83,85,74,74,59,72,82,85,80,69,75,69,75,47,37,53
Trey Murphy,New Orleans Pelicans,79,92,73,84,91,98,90,74,65,88,42,44,43,50,90,69,69,53,56,70,69,59,65,84,84,60,82,85,85,80,59,50,74,64,32,38,50
Dyson Daniels,New Orleans Pelicans,76,89,72,69,65,75,65,81,25,75,44,55,47,44,85,57,79,86,53,80,78,78,75,79,84,52,75,89,85,80,82,86,79,82,65,47,63
Jose Alvarado,New Orleans Pelicans,76,83,72,77,81,75,60,83,25,30,35,30,30,40,85,31,85,88,42,86,85,85,85,76,76,42,78,80,79,80,75,73,75,68,69,36,49
Jordan Hawkins,New Orleans Pelicans,75,86,73,80,87,80,80,77,25,60,37,48,44,55,80,45,65,37,25,72,67,64,50,70,71,48,67,89,80,80,72,75,68,75,40,38,54
Jeremiah Robinson-Earl,New Orleans Pelicans,75,80,66,76,83,78,75,79,75,75,64,65,66,50,70,66,40,37,51,58,66,52,45,62,62,60,69,80,85,80,65,69,55,66,33,67,62
Naji Marshall,New Orleans Pelicans,75,79,91,78,79,85,60,84,45,70,60,60,63,69,80,52,60,42,56,65,62,64,40,62,62,60,75,85,70,80,67,74,62,71,60,49,68
Larry Nance Jr,New Orleans Pelicans,75,94,74,78,70,70,60,72,85,85,58,54,69,60,78,68,48,63,58,61,75,89,55,65,60,69,86,88,85,83,69,64,49,70,30,66,76
Cody Zeller,New Orleans Pelicans,74,80,70,38,69,60,60,65,75,75,67,65,67,65,79,60,37,35,56,54,76,60,55,70,40,75,80,89,95,84,68,40,31,64,61,87,85
Kira Lewis Jr,New Orleans Pelicans,72,78,66,83,86,65,70,73,25,45,25,45,32,50,86,34,67,59,45,75,68,65,40,89,89,49,70,85,80,84,75,86,82,75,69,37,40
Matt Ryan,New Orleans Pelicans,72,70,73,86,90,80,70,67,40,55,40,40,40,37,95,42,64,35,32,64,55,50,40,55,55,54,69,89,70,79,65,67,52,68,32,34,47
E.J. Liddell,New Orleans Pelicans,70,80,79,76,76,40,45,75,55,60,66,71,68,37,85,65,54,44,79,60,62,54,50,73,73,65,89,80,65,80,59,60,59,58,49,59,66
Dereon Seabron,New Orleans Pelicans,67,65,66,60,69,50,40,74,40,80,44,47,50,40,98,49,71,42,45,70,57,44,50,83,85,68,85,89,70,83,64,68,74,60,44,33,50
Jalen Brunson,New York Knicks,87,88,97,87,83,98,98,90,40,35,50,56,50,88,98,55,70,37,25,78,65,55,65,82,82,60,69,93,92,81,87,88,81,88,72,35,47
R.J. Barrett,New York Knicks,83,73,72,85,74,80,95,89,45,80,52,55,79,80,85,58,82,37,42,83,79,74,75,84,84,76,82,95,80,80,79,83,82,84,60,35,59
Julius Randle,New York Knicks,83,88,80,69,76,75,90,85,85,80,79,60,86,92,85,77,73,40,35,76,73,52,75,73,76,87,69,95,90,84,74,80,68,84,72,54,87
Mitchell Robinson,New York Knicks,82,75,68,32,48,95,50,79,90,80,65,52,50,64,80,83,49,73,86,65,87,65,80,48,25,84,83,85,95,80,70,40,25,54,27,96,79
Immanuel Quickley,New York Knicks,82,97,82,80,82,85,98,86,40,55,50,51,45,86,98,37,80,36,32,80,78,64,75,82,82,54,79,89,85,79,84,86,76,84,70,30,63
Josh Hart,New York Knicks,78,83,67,75,75,80,80,86,25,70,39,58,42,70,95,46,72,53,47,77,70,70,65,81,83,64,69,90,95,82,73,78,79,75,51,44,78
Donte DiVincenzo,New York Knicks,77,86,63,82,82,70,80,75,25,75,28,45,38,44,70,58,82,73,56,84,84,88,80,87,87,60,95,90,85,81,77,77,81,74,53,50,54
Isaiah Hartenstein,New York Knicks,77,83,70,55,68,95,75,77,75,65,56,57,59,72,75,60,41,76,67,50,65,54,40,62,62,62,70,80,88,77,50,56,42,60,34,90,66
Quentin Grimes,New York Knicks,75,72,80,80,80,85,75,75,25,70,39,58,42,65,80,46,83,49,30,83,80,78,80,86,86,63,75,85,80,80,70,74,79,65,33,26,38
Jericho Sims,New York Knicks,74,68,69,26,52,70,65,64,80,89,60,60,60,40,80,66,40,36,72,42,66,55,40,80,80,65,83,85,90,80,30,35,34,32,29,86,74
Miles McBride,New York Knicks,74,70,75,72,67,80,50,79,25,65,25,58,48,50,80,40,81,73,50,84,78,74,75,86,86,44,80,85,85,80,70,74,80,60,47,34,38
Evan Fournier,New York Knicks,73,85,83,74,86,60,70,84,25,50,30,45,36,66,85,38,69,49,40,69,70,72,65,71,70,40,63,95,80,86,75,82,65,82,41,30,52
Dylan Windler,New York Knicks,71,77,77,77,80,70,75,72,35,50,32,44,44,35,80,42,65,43,40,65,57,60,45,68,69,55,75,80,80,80,62,72,67,60,40,51,66
DaQuan Jeffries,New York Knicks,70,60,75,73,76,50,70,72,70,75,63,65,60,42,70,54,58,42,57,69,50,54,35,79,79,57,89,80,60,80,55,70,68,53,31,45,54
Ryan Arcidiacono,New York Knicks,69,47,78,75,65,85,45,76,25,30,27,38,38,45,78,35,65,42,25,68,66,62,40,70,72,40,66,80,74,82,85,79,70,85,64,25,50
Charlie Brown Jr,New York Knicks,68,75,76,79,82,55,45,79,40,45,30,45,38,42,70,40,65,51,60,67,63,40,35,73,73,55,75,80,45,83,62,77,70,60,29,67,52
Jaylen Martin,New York Knicks,67,57,56,50,60,60,30,76,35,80,38,44,37,50,85,38,69,36,73,75,57,55,55,83,76,40,83,85,75,82,60,65,74,38,61,73,64
Jacob Toppin,New York Knicks,67,70,69,69,67,50,35,68,65,80,44,48,58,40,69,67,65,38,51,54,68,60,60,68,68,62,82,85,75,80,50,68,64,50,44,47,62
Shai Gilgeous-Alexander,Oklahoma City Thunder,94,97,98,80,91,98,98,96,40,75,66,73,72,98,98,68,79,89,62,83,80,80,80,86,86,60,85,97,98,80,96,93,85,97,81,40,64
Chet Holmgren,Oklahoma City Thunder,85,94,75,84,87,90,85,79,75,75,69,68,68,85,95,80,59,42,91,69,80,78,80,75,75,45,75,87,90,80,60,65,67,59,46,75,79
Jalen Williams,Oklahoma City Thunder,81,87,80,80,81,98,90,87,25,80,47,50,50,75,87,55,77,40,40,77,77,78,75,87,87,50,83,90,80,80,78,82,83,78,61,29,53
Josh Giddey,Oklahoma City Thunder,79,69,75,72,73,65,70,89,45,65,55,58,55,80,90,50,69,42,58,73,69,66,65,79,79,60,74,88,90,80,96,89,79,95,80,56,66
Luguentz Dort,Oklahoma City Thunder,79,78,85,84,77,70,65,86,50,85,40,38,44,60,85,52,90,49,67,90,90,88,90,79,78,70,87,92,94,80,62,72,76,62,30,47,50
Isaiah Joe,Oklahoma City Thunder,78,81,89,85,82,85,95,81,40,60,35,38,30,85,85,42,69,53,45,77,61,52,55,72,74,47,79,80,75,87,67,74,63,69,36,27,51
Aleksej Pokusevski,Oklahoma City Thunder,76,71,71,80,63,85,70,81,70,70,54,54,62,55,75,67,67,42,87,54,77,57,50,60,60,49,60,84,90,79,59,62,52,54,47,58,69
Aaron Wiggins,Oklahoma City Thunder,76,80,70,83,83,70,85,80,35,45,38,40,39,60,76,35,59,53,40,73,47,40,45,84,84,45,72,80,65,80,64,70,75,68,35,47,60
Kenrich Williams,Oklahoma City Thunder,76,87,89,81,44,75,80,79,40,65,40,52,54,55,90,68,75,36,25,75,74,75,75,66,66,63,72,80,90,80,69,69,63,69,64,58,56
Cason Wallace,Oklahoma City Thunder,75,89,78,83,76,75,70,82,25,70,31,37,37,50,95,48,81,60,55,87,75,84,70,75,75,55,72,90,85,80,75,78,75,75,50,40,43
Tre Mann,Oklahoma City Thunder,75,78,94,76,76,92,90,83,25,60,35,55,60,59,85,49,66,46,47,69,60,59,40,74,74,53,68,88,75,80,80,83,73,78,54,36,54
Jaylin Williams,Oklahoma City Thunder,74,66,76,73,70,85,65,69,70,70,68,61,68,65,75,74,45,46,51,57,72,65,70,50,50,60,62,78,85,80,62,59,38,69,58,52,85
Vasilije Micic,Oklahoma City Thunder,74,76,79,81,87,70,75,76,25,40,31,43,42,60,95,35,63,31,34,67,60,50,40,75,75,44,62,88,80,82,80,78,75,84,76,47,52
Lindy Waters,Oklahoma City Thunder,73,74,77,79,80,95,80,70,25,65,28,54,34,65,70,53,67,41,58,69,62,62,40,60,60,33,67,83,70,80,69,69,50,67,33,41,55
Ousmane Dieng,Oklahoma City Thunder,73,76,73,69,65,85,60,69,45,75,45,48,48,47,90,54,62,30,37,73,54,52,40,78,78,49,79,88,80,80,69,70,75,70,43,55,56
Davis Bertans,Oklahoma City Thunder,72,70,70,83,88,70,60,69,65,65,43,66,52,60,88,64,40,38,55,63,69,58,50,57,55,64,52,80,80,68,38,72,47,45,32,36,50
Keyontae Johnson,Oklahoma City Thunder,68,76,68,76,71,50,35,76,50,75,52,52,50,37,60,52,62,48,50,70,60,58,45,81,78,60,81,85,80,80,52,64,68,58,42,59,69
Olivier Sarr,Oklahoma City Thunder,68,68,74,69,79,55,35,60,75,75,64,62,64,40,70,58,40,30,80,47,59,48,35,65,63,63,74,85,80,80,50,52,49,55,29,75,70
Paolo Banchero,Orlando Magic,85,86,70,81,74,95,98,88,75,85,77,77,77,84,85,68,66,46,58,70,64,67,45,80,80,77,83,90,85,80,70,76,74,70,70,47,69
Franz Wagner,Orlando Magic,83,91,79,72,84,98,98,90,55,80,57,59,59,75,76,56,73,49,51,73,74,73,70,70,70,65,75,85,80,80,80,79,68,84,62,44,65
Markelle Fultz,Orlando Magic,80,91,74,73,78,90,90,90,30,75,42,48,69,79,81,50,75,59,52,78,72,69,40,86,85,56,85,92,75,80,86,86,85,83,70,56,43
Wendell Carter Jr,Orlando Magic,79,83,75,77,74,75,65,78,80,75,82,82,81,70,85,78,47,37,52,50,80,70,70,68,55,82,68,85,90,81,56,50,47,70,34,66,86
Cole Anthony,Orlando Magic,79,93,76,80,89,80,95,84,40,85,49,58,44,82,98,45,69,41,51,74,55,52,45,84,84,59,77,88,85,98,82,84,84,82,70,49,64
Jalen Suggs,Orlando Magic,78,65,80,78,72,70,80,75,40,80,39,38,74,65,84,35,76,88,53,83,75,75,75,88,88,59,90,88,85,80,78,86,88,78,66,41,60
Gary Harris,Orlando Magic,78,84,70,86,90,75,70,84,40,50,28,51,47,60,85,68,82,63,56,80,80,55,80,75,75,53,78,85,80,83,75,76,70,75,38,45,45
Moritz Wagner,Orlando Magic,78,93,78,77,84,95,85,75,75,65,67,67,68,50,76,58,40,40,57,47,58,54,35,73,67,78,75,85,85,81,54,42,53,55,41,66,66
Goga Bitadze,Orlando Magic,77,80,62,71,55,80,70,60,75,65,72,67,74,40,85,64,25,70,90,30,80,40,55,53,54,80,63,80,75,80,54,60,52,69,44,83,81
Jonathan Isaac,Orlando Magic,77,65,70,65,77,50,25,67,60,82,62,68,75,35,68,75,78,92,88,77,75,75,75,73,76,70,80,75,90,67,65,76,66,55,28,69,84
Anthony Black,Orlando Magic,75,83,70,73,71,85,65,83,35,75,48,52,52,44,85,43,75,36,57,78,68,72,65,75,75,58,75,92,90,80,80,86,74,77,70,46,48
Chuma Okeke,Orlando Magic,74,70,69,72,76,90,50,70,45,50,48,52,53,40,70,63,80,53,61,81,77,85,45,70,70,60,74,80,80,80,65,69,65,66,38,53,64
Joe Ingles,Orlando Magic,74,68,75,82,86,70,35,80,40,45,50,55,48,40,70,58,80,66,40,80,78,78,75,66,67,64,60,92,70,80,75,70,60,75,71,40,52
Jett Howard,Orlando Magic,71,74,78,81,80,70,60,74,35,65,50,54,54,47,85,55,67,43,56,69,72,52,45,69,69,58,72,90,80,80,69,73,66,65,44,43,58
Caleb Houstan,Orlando Magic,71,64,76,78,78,55,50,70,25,25,32,32,32,44,80,47,75,33,45,78,75,68,70,78,78,40,72,86,70,80,62,70,72,65,29,48,47
Admiral Schofield,Orlando Magic,70,70,72,76,86,55,45,70,45,65,62,62,59,47,80,59,66,36,51,74,60,57,45,59,59,65,78,85,80,80,59,73,59,62,38,53,49
Kevon Harris,Orlando Magic,69,75,72,81,76,70,60,75,40,75,33,56,45,49,79,60,62,53,51,64,45,60,45,71,71,58,78,85,84,80,64,69,69,65,29,59,51
Trevelin Queen,Orlando Magic,67,67,68,74,73,70,40,70,40,75,30,45,45,66,80,40,60,46,51,70,55,47,40,70,70,49,75,80,65,83,65,70,66,62,44,54,64
Joel Embiid,Philadelphia 76ers,97,97,95,79,86,90,98,89,90,80,95,95,96,96,98,92,68,42,84,68,94,64,90,69,69,95,69,95,90,76,74,57,62,82,77,71,94
Tyrese Maxey,Philadelphia 76ers,87,94,75,86,90,95,98,92,25,70,45,60,47,91,95,52,79,36,56,83,69,68,65,89,89,44,80,98,95,77,84,86,88,86,74,36,54
Tobias Harris,Philadelphia 76ers,82,97,86,82,88,80,90,82,65,75,70,70,86,68,95,59,58,40,47,67,66,64,60,75,59,73,79,97,73,82,77,79,56,78,44,38,66
Kelly Oubre Jr,Philadelphia 76ers,80,77,91,81,76,80,85,79,40,84,45,53,52,84,88,49,74,70,51,76,70,75,55,72,82,58,95,90,75,84,73,78,69,80,28,51,61
De'Anthony Melton,Philadelphia 76ers,78,75,74,83,79,80,75,80,25,70,25,58,48,59,95,48,84,81,51,70,84,89,85,76,76,44,75,80,85,83,78,83,74,75,49,41,55
Robert Covington,Philadelphia 76ers,77,73,69,77,75,70,60,76,55,65,59,58,59,30,70,79,81,88,77,80,80,80,80,68,69,62,70,85,75,82,60,65,65,60,32,61,56
Kenyon Martin Jr,Philadelphia 76ers,76,89,68,74,68,75,70,84,75,92,44,44,44,75,75,54,67,36,52,70,62,54,50,83,83,62,90,80,60,81,64,76,69,64,35,55,65
Paul Reed,Philadelphia 76ers,75,73,70,60,75,70,65,73,80,75,73,70,73,54,70,69,43,68,82,52,66,58,40,49,47,62,65,80,85,80,48,52,41,44,37,90,77
Patrick Beverley,Philadelphia 76ers,75,87,44,69,72,75,40,70,25,45,30,35,30,38,85,70,88,41,60,88,86,63,90,76,76,60,61,90,76,78,75,78,75,77,58,54,58
Mo Bamba,Philadelphia 76ers,75,75,65,79,66,65,70,67,75,70,69,64,69,45,80,75,48,35,86,64,77,64,60,75,61,68,75,78,75,81,35,46,32,51,36,66,85
Nicolas Batum,Philadelphia 76ers,74,88,77,85,71,60,55,74,55,60,40,63,62,35,80,66,73,38,76,75,68,50,60,68,64,65,82,88,80,83,70,71,68,73,35,43,56
Marcus Morris Sr.,Philadelphia 76ers,74,87,79,80,78,60,60,70,55,70,68,67,67,60,84,64,68,38,50,70,70,61,60,73,47,75,69,94,80,86,60,60,49,44,37,34,61
Danuel House Jr,Philadelphia 76ers,72,50,74,77,75,65,70,78,80,75,47,51,47,58,79,52,75,56,42,76,70,70,75,63,60,50,75,85,75,82,69,70,60,69,35,42,46
Jaden Springer,Philadelphia 76ers,70,74,73,77,81,50,60,74,25,50,28,45,32,55,80,44,74,56,81,80,72,67,70,82,82,49,72,85,70,80,75,81,82,75,40,68,46
Furkan Korkmaz,Philadelphia 76ers,70,63,70,80,72,55,55,75,40,75,30,60,45,69,88,40,64,42,45,69,56,62,45,70,69,50,80,85,81,80,54,73,64,65,37,35,54
Javonte Smart,Philadelphia 76ers,69,73,72,72,83,60,50,73,30,70,44,52,58,44,80,49,66,43,55,74,55,55,40,79,79,61,80,80,75,83,74,78,78,76,41,38,50
Terquavion Smith,Philadelphia 76ers,68,69,71,73,70,70,50,84,25,60,30,32,32,55,85,30,60,48,50,69,64,63,55,82,82,42,72,85,85,80,68,79,82,60,57,32,42
Ricky Council IV,Philadelphia 76ers,68,70,75,70,79,55,35,72,45,75,40,40,40,57,80,52,60,43,45,65,54,55,40,74,70,60,80,85,70,80,67,68,70,54,44,49,59
Kevin Durant,Phoenix Suns,96,97,97,94,92,90,98,96,60,85,74,86,86,97,98,75,84,37,67,84,85,75,85,80,80,63,77,94,85,88,78,92,80,88,73,37,75
Devin Booker,Phoenix Suns,95,93,97,89,90,98,98,96,30,75,74,79,85,97,98,58,77,51,57,75,74,75,70,83,80,59,75,95,95,81,95,93,83,96,91,53,62
Bradley Beal,Phoenix Suns,86,95,94,81,84,80,90,89,30,84,55,55,54,95,92,45,66,38,56,75,75,65,40,76,83,62,87,98,78,82,82,88,76,85,73,38,49
Jusuf Nurkic,Phoenix Suns,81,86,68,71,66,80,80,68,75,65,80,72,80,70,85,78,45,66,74,49,79,60,70,51,37,90,50,86,75,72,60,40,25,82,70,86,85
Eric Gordon,Phoenix Suns,77,83,82,82,82,70,75,79,30,70,35,63,50,60,94,42,73,49,53,75,73,68,50,79,79,60,82,92,85,78,69,79,78,73,60,33,40
Nassir Little,Phoenix Suns,76,75,84,76,72,85,80,79,35,82,54,52,59,45,80,68,70,86,67,77,70,65,55,77,79,70,81,85,85,80,52,65,68,49,32,48,58
Drew Eubanks,Phoenix Suns,76,94,73,54,66,98,85,69,75,70,74,74,74,54,75,60,47,31,87,59,59,50,45,61,62,68,75,80,85,83,42,37,38,55,50,68,71
Bol Bol,Phoenix Suns,76,95,72,70,76,80,75,69,85,70,70,68,70,62,75,72,52,37,86,58,64,49,40,68,68,65,69,80,50,77,50,70,60,40,33,51,86
Grayson Allen,Phoenix Suns,75,80,70,86,91,80,80,85,25,70,31,43,42,69,78,35,72,36,51,74,70,74,45,84,78,44,81,85,80,82,70,78,79,78,47,40,56
Josh Okogie,Phoenix Suns,75,71,78,73,72,80,60,77,30,75,42,44,44,49,70,50,81,59,53,83,81,84,75,89,89,46,92,80,95,82,69,76,81,62,32,66,45
Damion Lee,Phoenix Suns,75,78,76,85,90,95,85,79,40,65,44,48,51,69,78,57,60,37,35,74,60,66,35,68,68,55,75,80,70,79,62,70,66,57,37,38,61
Keita Bates-Diop,Phoenix Suns,74,92,74,80,79,70,80,77,55,65,54,63,60,50,70,63,63,49,81,74,60,60,35,77,77,60,72,80,70,76,58,66,66,56,32,58,57
Chimezie Metu,Phoenix Suns,74,90,73,62,74,70,50,78,80,75,58,40,49,65,95,67,51,43,67,60,68,55,45,52,52,69,75,80,90,83,48,37,30,58,35,63,86
Jordan Goodwin,Phoenix Suns,73,80,73,77,77,75,80,78,25,35,33,43,48,66,80,47,71,86,56,76,70,65,70,75,75,49,55,80,75,80,78,78,68,78,65,56,67
Udoka Azubuike,Phoenix Suns,72,64,34,25,35,40,25,70,85,75,44,45,48,40,35,76,44,35,74,51,74,54,55,72,70,80,93,79,75,83,25,35,44,34,29,68,87
Yuta Watanabe,Phoenix Suns,72,69,60,81,72,80,60,70,40,60,40,43,45,59,85,58,63,36,55,71,66,65,60,67,67,60,74,80,85,80,60,69,65,63,29,43,55
Saben Lee,Phoenix Suns,71,58,74,75,74,60,85,84,25,85,25,31,30,79,77,44,60,76,30,67,55,54,30,74,74,52,69,80,76,79,80,83,73,80,72,43,49
Anfernee Simons,Portland Trail Blazers,83,92,86,82,89,75,98,89,40,89,49,49,49,87,95,49,59,36,40,76,50,55,40,86,89,41,90,92,90,80,87,88,79,89,67,29,43
Malcolm Brogdon,Portland Trail Blazers,83,88,86,85,87,80,85,87,40,70,44,45,40,92,92,65,77,41,25,80,77,74,65,77,77,56,72,93,95,84,89,86,77,92,84,43,63
Deandre Ayton,Portland Trail Blazers,81,97,89,69,76,50,60,75,90,75,85,75,85,62,82,78,49,36,62,61,78,69,65,75,65,85,82,90,76,81,53,61,55,70,35,74,91
Robert Williams,Portland Trail Blazers,81,96,69,25,61,70,65,82,90,75,60,50,65,54,75,86,40,80,85,64,88,85,85,71,62,83,75,80,90,81,57,48,38,62,32,68,89
Jerami Grant,Portland Trail Blazers,81,75,83,84,81,80,90,89,80,85,62,59,69,75,95,70,69,36,60,76,77,72,75,77,77,69,78,95,94,82,69,76,72,70,42,35,52
Shaedon Sharpe,Portland Trail Blazers,80,82,87,76,78,80,95,85,40,96,35,37,33,82,88,49,69,40,52,80,65,75,45,89,89,50,96,94,85,80,67,83,84,67,50,48,56
Matisse Thybulle,Portland Trail Blazers,77,73,48,83,68,65,40,74,35,70,30,30,30,25,70,60,89,96,70,90,85,97,85,76,76,59,70,85,90,80,55,65,69,35,35,33,43
Jabari Walker,Portland Trail Blazers,75,71,66,73,76,75,80,79,45,75,52,52,52,59,80,68,68,80,67,73,67,65,60,75,75,46,79,80,70,80,52,60,71,54,32,68,81
Skylar Mays,Portland Trail Blazers,75,89,86,76,88,80,75,70,35,45,37,52,37,57,80,42,68,59,40,75,69,60,50,70,70,42,74,92,65,80,82,79,67,82,81,32,47
Scoot Henderson,Portland Trail Blazers,75,87,76,49,76,50,40,83,35,94,44,44,44,49,95,41,66,36,40,85,65,67,50,95,95,53,95,95,80,80,79,86,95,77,73,37,44
Ish Wainright,Portland Trail Blazers,73,68,66,76,84,75,50,69,50,60,49,48,50,44,81,72,72,59,62,80,72,72,70,81,81,82,75,88,90,80,52,68,66,54,34,51,53
Toumani Camara,Portland Trail Blazers,72,66,67,68,67,70,75,70,60,70,47,52,45,62,85,54,52,43,62,52,50,54,50,63,61,49,73,80,40,80,58,65,58,57,33,60,58
Kris Murray,Portland Trail Blazers,72,74,70,75,73,70,60,70,60,75,50,52,52,50,80,60,66,86,70,73,65,66,50,68,68,60,75,90,80,80,60,69,62,60,40,60,64
Moses Brown,Portland Trail Blazers,72,68,46,26,46,80,50,76,75,60,52,42,64,55,75,72,52,33,81,54,72,58,45,42,40,74,75,75,60,80,44,44,35,58,27,86,88
Rayan Rupert,Portland Trail Blazers,69,68,63,70,74,80,40,68,45,70,40,44,42,40,70,53,70,70,36,72,70,70,65,67,67,52,69,88,85,80,68,72,65,68,45,37,43
Justin Minaya,Portland Trail Blazers,69,55,70,77,50,65,50,64,35,55,44,47,47,37,85,62,69,69,59,71,72,52,60,70,70,55,75,85,80,81,65,70,65,65,37,48,55
Duop Reath,Portland Trail Blazers,67,69,68,72,79,50,30,68,50,60,55,55,55,60,74,62,37,37,78,47,68,50,45,59,52,73,75,83,90,80,40,52,46,44,34,62,70
Ibou Badji,Portland Trail Blazers,67,60,37,37,68,55,30,55,80,75,59,40,55,30,75,70,37,41,79,51,71,54,55,66,66,70,81,85,80,84,58,37,32,55,30,67,65
De'Aaron Fox,Sacramento Kings,89,97,92,80,78,90,98,97,25,80,25,30,27,94,90,34,79,66,42,85,77,77,70,97,97,46,84,96,90,80,85,88,97,88,84,40,52
Domantas Sabonis,Sacramento Kings,87,97,89,78,74,90,95,80,70,75,88,87,88,82,95,70,49,40,65,49,69,45,60,48,44,82,54,92,95,86,82,60,43,80,76,75,90
Malik Monk,Sacramento Kings,82,82,81,84,89,95,95,82,40,80,25,62,45,74,95,45,68,41,60,73,69,68,45,80,81,48,88,88,72,80,75,79,76,78,75,38,51
Keegan Murray,Sacramento Kings,80,88,79,80,77,90,85,77,60,80,69,69,69,65,80,68,78,59,56,79,64,75,75,76,76,60,79,85,86,80,65,70,73,66,36,55,63
Kevin Huerter,Sacramento Kings,79,93,81,81,73,80,85,87,30,65,25,58,35,50,90,44,64,49,51,72,63,64,60,84,78,50,75,85,85,83,74,79,72,76,60,36,65
Trey Lyles,Sacramento Kings,78,82,75,80,82,95,75,77,70,65,72,74,74,69,80,68,36,37,62,52,64,62,40,54,55,69,65,81,80,84,55,58,41,68,33,56,79
Harrison Barnes,Sacramento Kings,77,89,79,81,85,70,75,84,55,80,48,65,83,40,88,67,75,40,30,75,65,65,60,77,72,70,95,92,75,82,72,78,73,75,32,37,46
JaVale McGee,Sacramento Kings,77,88,64,55,59,45,40,64,95,85,78,58,64,65,37,79,47,42,84,53,84,67,65,65,47,81,69,72,75,80,25,35,26,48,36,90,90
Sasha Vezenkov,Sacramento Kings,75,75,80,78,82,95,70,74,60,65,51,51,51,51,60,50,57,53,56,63,54,50,50,60,60,54,67,95,85,80,60,60,52,57,27,31,63
Chris Duarte,Sacramento Kings,73,68,60,78,85,70,40,79,40,70,44,46,46,69,95,50,69,63,35,68,68,69,65,65,65,59,63,92,92,80,77,75,60,78,37,32,61
Davion Mitchell,Sacramento Kings,73,70,83,75,81,40,30,70,25,40,30,30,30,30,95,44,87,36,45,88,88,85,90,82,82,60,70,90,95,80,78,86,82,78,70,27,42
Colby Jones,Sacramento Kings,71,87,68,74,67,75,60,75,25,75,38,40,39,44,75,49,71,70,37,75,54,47,50,74,74,48,72,90,85,80,67,68,68,70,58,45,52
Alex Len,Sacramento Kings,71,88,61,70,66,50,35,74,80,65,74,48,76,59,64,70,44,40,88,50,70,62,40,43,44,75,60,80,92,78,31,32,25,45,38,86,86
Kessler Edwards,Sacramento Kings,70,64,72,76,80,50,75,68,60,65,50,50,50,45,80,59,75,49,53,74,74,75,75,72,72,77,70,80,75,80,50,64,59,64,34,59,52
Keon Ellis,Sacramento Kings,68,70,70,74,84,50,35,73,25,65,27,40,38,54,78,29,60,83,72,70,50,68,40,81,80,39,79,85,70,80,64,74,77,65,38,44,57
Jalen Slawson,Sacramento Kings,68,73,71,72,77,60,40,70,65,80,45,48,49,49,70,65,59,56,67,66,65,67,60,68,67,62,72,85,64,83,58,66,65,49,52,42,59
Jordan Ford,Sacramento Kings,67,70,78,81,84,65,50,67,25,30,27,34,32,37,69,30,55,44,30,65,59,44,45,72,72,44,68,85,75,80,73,71,72,65,57,30,49
Victor Wembanyama,San Antonio Spurs,85,92,71,69,82,95,90,79,80,75,79,79,79,72,98,82,45,46,94,44,85,78,85,66,66,57,69,94,85,88,68,70,64,68,53,60,90
Devin Vassell,San Antonio Spurs,82,85,97,84,78,90,95,79,40,60,51,65,65,70,95,62,83,49,32,83,81,85,80,72,72,60,77,89,85,82,76,82,65,79,60,35,56
Keldon Johnson,San Antonio Spurs,80,89,82,79,75,60,85,87,65,75,59,62,62,84,95,67,73,38,47,73,69,64,65,76,78,70,71,90,95,80,74,79,73,74,70,41,73
Zach Collins,San Antonio Spurs,78,97,83,70,76,90,90,70,70,65,72,70,85,50,75,68,45,38,65,57,70,65,50,66,65,60,79,78,80,80,30,40,38,30,68,61,68
Jeremy Sochan,San Antonio Spurs,77,73,59,79,70,98,90,80,60,80,48,52,53,79,70,65,74,41,45,74,69,68,65,70,70,60,74,90,85,80,70,79,65,82,70,53,65
Tre Jones,San Antonio Spurs,76,82,82,79,86,70,80,78,25,35,32,34,30,74,80,34,75,53,51,79,70,76,65,80,80,60,71,85,75,81,85,84,80,85,74,40,51
Charles Bassey,San Antonio Spurs,75,83,69,62,60,50,35,70,75,75,50,50,50,40,70,69,57,70,88,64,68,50,60,77,77,69,82,80,95,80,35,42,54,48,51,81,88
Devonte' Graham,San Antonio Spurs,75,74,76,79,75,75,90,80,25,60,30,32,36,66,95,30,70,46,51,76,65,68,55,82,82,34,79,95,85,83,82,86,82,83,68,33,46
Cedi Osman,San Antonio Spurs,75,84,74,85,69,85,70,86,46,61,38,58,51,52,75,65,76,40,47,76,70,65,65,71,70,59,70,85,85,75,75,75,69,70,36,38,47
Malaki Branham,San Antonio Spurs,74,78,93,65,83,80,85,74,60,75,47,44,49,62,95,45,63,37,32,77,54,52,45,82,82,55,75,86,70,80,59,69,74,59,60,30,38
Doug McDermott,San Antonio Spurs,74,85,70,89,76,70,80,79,50,65,60,66,62,60,75,52,58,37,42,60,63,50,40,59,53,60,67,81,67,83,65,67,47,65,61,31,41
Blake Wesley,San Antonio Spurs,73,67,67,83,59,70,60,74,40,86,54,57,50,59,80,49,71,53,40,74,60,63,50,78,78,40,84,92,75,80,69,83,77,68,67,33,54
Sandro Mamukelashvili,San Antonio Spurs,72,72,69,72,68,60,45,69,65,65,62,60,63,54,85,65,50,37,55,49,68,52,45,59,59,73,69,85,85,80,62,59,49,69,49,76,73
Sidy Cissoko,San Antonio Spurs,69,66,67,70,65,60,35,70,50,75,48,47,47,40,85,59,66,60,60,75,68,54,50,74,74,58,80,89,80,80,61,68,66,60,42,37,39
Julian Champagnie,San Antonio Spurs,69,69,74,76,78,45,60,74,40,60,43,44,52,41,73,45,67,63,86,68,55,66,40,69,69,37,67,85,75,80,66,68,65,64,37,36,50
Dominick Barlow,San Antonio Spurs,67,69,68,70,72,40,40,65,60,75,52,50,52,35,75,50,47,40,77,57,57,49,40,68,68,62,75,80,85,80,51,69,64,52,34,79,65
Sir'Jabari Rice,San Antonio Spurs,67,74,74,74,70,60,50,76,50,80,52,53,57,60,69,40,59,38,42,67,50,55,40,72,70,42,75,80,60,80,50,62,69,50,33,33,53
Charles Bediako,San Antonio Spurs,67,66,46,25,48,54,25,49,75,65,51,40,47,47,75,69,37,28,81,47,67,55,60,40,40,73,57,80,90,80,44,30,32,52,30,60,65
Scottie Barnes,Toronto Raptors,85,84,87,81,77,85,85,86,80,80,60,62,62,79,95,80,80,73,73,77,80,78,85,82,82,74,92,88,90,80,77,79,77,80,72,66,78
Pascal Siakam,Toronto Raptors,85,93,90,62,77,80,80,80,80,80,88,88,88,62,90,86,79,38,47,78,86,82,80,76,78,70,79,95,80,82,72,79,69,79,72,46,70
Jakob Poeltl,Toronto Raptors,81,94,59,45,59,80,80,63,75,60,77,60,86,69,85,81,45,46,73,34,79,67,80,51,37,80,57,80,90,80,69,38,31,62,51,76,85
Dennis Schroder,Toronto Raptors,80,83,94,79,86,85,80,80,25,45,25,38,27,62,85,34,73,42,35,74,72,67,60,84,88,46,74,93,90,80,82,86,84,80,76,33,46
OG Anunoby,Toronto Raptors,80,67,84,84,84,70,50,70,60,85,38,37,36,60,90,79,90,80,58,90,89,89,95,81,83,68,85,85,85,81,58,72,71,52,42,37,53
Chris Boucher,Toronto Raptors,77,81,71,80,76,65,40,74,85,80,72,64,72,50,85,76,37,36,75,42,78,50,60,57,55,80,74,89,80,77,33,41,25,59,28,67,81
Gary Trent Jr,Toronto Raptors,76,64,70,82,84,80,80,84,40,75,44,57,46,84,73,50,61,49,37,74,60,64,35,85,85,58,90,80,70,82,70,79,77,71,31,31,42
Precious Achiuwa,Toronto Raptors,76,83,64,66,70,70,80,79,85,80,57,44,42,63,75,75,56,37,67,66,73,89,55,75,74,78,79,84,88,76,36,49,66,50,65,75,87
Thaddeus Young,Toronto Raptors,75,93,60,57,69,60,30,79,70,70,70,70,70,30,80,82,70,89,40,78,82,70,80,72,63,80,83,78,85,85,69,65,50,82,49,68,62
Christian Koloko,Toronto Raptors,74,65,60,29,63,75,80,64,75,75,54,50,51,50,70,75,37,41,89,37,75,50,70,72,72,59,75,80,80,80,37,42,44,52,30,75,59
Malachi Flynn,Toronto Raptors,74,88,64,81,76,84,80,84,25,25,25,37,25,69,73,27,69,70,50,76,69,68,55,73,73,44,65,83,70,82,74,76,73,73,66,41,48
Jalen McDaniels,Toronto Raptors,73,76,80,75,84,75,75,76,60,65,62,68,59,52,68,59,55,41,56,60,55,50,35,73,73,60,73,80,80,80,55,69,69,59,35,35,56
Otto Porter Jr,Toronto Raptors,73,88,85,81,83,50,50,75,45,70,65,67,58,57,84,63,73,62,65,76,66,64,45,68,67,60,73,93,70,79,70,77,66,70,26,50,68
Gradey Dick,Toronto Raptors,71,75,78,72,85,50,55,75,35,75,36,47,40,44,80,55,73,36,25,74,69,73,50,73,72,54,78,89,85,80,70,77,70,68,36,41,44
Garrett Temple,Toronto Raptors,70,82,55,74,79,70,40,70,25,30,37,55,46,40,85,46,78,75,51,76,77,74,70,57,57,44,69,85,79,82,75,75,57,74,41,42,46
Javon Freeman-Liberty,Toronto Raptors,68,71,74,78,76,60,50,70,25,65,44,40,40,64,78,44,63,40,25,66,50,45,45,75,75,56,72,85,70,80,70,76,69,70,54,34,53
Ron Harper Jr,Toronto Raptors,68,70,72,76,79,60,50,72,40,70,44,45,30,47,85,42,60,43,47,69,60,52,55,69,69,47,70,80,75,80,58,72,63,55,33,34,46
Markquis Nowell,Toronto Raptors,67,70,78,77,86,50,35,73,25,27,25,40,25,57,85,25,60,74,53,78,54,78,50,86,86,30,76,89,80,80,70,86,86,70,69,31,33
Lauri Markkanen,Utah Jazz,86,97,80,82,88,98,98,79,75,75,83,83,86,88,95,66,65,46,62,65,66,64,65,63,60,61,62,85,85,80,55,65,42,75,30,62,78
Walker Kessler,Utah Jazz,81,71,68,66,52,80,60,65,85,75,74,66,74,59,95,86,65,27,95,52,88,58,85,37,37,74,60,88,90,80,42,44,35,48,26,92,80
John Collins,Utah Jazz,80,81,83,83,80,70,70,84,90,90,77,75,83,52,85,74,49,37,65,57,74,38,60,71,65,75,85,92,85,84,37,60,50,66,29,69,78
Kelly Olynyk,Utah Jazz,78,97,78,84,85,85,90,75,70,60,79,79,79,79,78,70,50,56,56,35,66,45,65,31,33,70,55,89,90,82,60,42,25,66,72,73,74
Jordan Clarkson,Utah Jazz,78,94,75,75,82,60,85,90,25,75,30,37,38,80,98,43,65,42,35,73,58,49,40,79,82,54,85,80,70,83,79,88,79,81,71,47,42
Collin Sexton,Utah Jazz,78,81,79,77,82,70,80,80,30,75,25,38,28,75,90,45,67,35,51,76,67,69,50,88,88,58,84,95,90,81,75,86,87,75,72,50,48
Talen Horton-Tucker,Utah Jazz,75,78,70,72,75,90,80,82,30,80,52,60,57,78,95,44,74,59,60,78,70,70,50,70,70,69,73,85,85,80,84,82,68,84,74,37,55
Omer Yurtseven,Utah Jazz,75,88,69,70,68,70,75,65,70,65,66,64,65,47,82,62,49,31,70,49,62,58,40,53,52,70,70,85,80,83,50,60,37,52,42,89,90
Josh Christopher,Utah Jazz,74,96,75,70,75,70,85,80,40,85,25,62,44,65,83,49,67,59,58,78,60,65,50,84,84,55,81,88,72,80,68,75,78,62,56,38,42
Keyonte George,Utah Jazz,74,74,71,75,79,80,70,76,40,65,47,49,48,60,85,34,65,37,34,75,57,58,45,74,74,55,72,84,85,80,84,87,73,82,74,34,53
Kris Dunn,Utah Jazz,74,87,79,75,77,50,60,70,40,55,39,60,42,44,80,40,82,76,42,82,83,82,80,83,83,56,83,85,75,84,75,86,82,84,73,41,66
Ochai Agbaji,Utah Jazz,74,81,72,79,81,60,50,70,65,80,52,52,52,45,78,57,80,41,75,80,79,75,70,88,88,64,85,90,90,80,60,75,78,60,33,49,51
Taylor Hendricks,Utah Jazz,73,75,75,77,78,70,50,74,60,75,54,54,54,47,80,68,68,74,78,75,67,62,60,72,72,62,78,92,85,80,55,69,69,62,38,60,65
Simone Fontecchio,Utah Jazz,73,71,78,80,80,75,85,76,40,65,50,50,50,50,69,51,65,33,62,66,64,47,45,55,55,62,55,80,95,80,55,58,52,60,28,52,49
Brice Sensabaugh,Utah Jazz,71,80,83,81,83,70,60,74,35,60,57,59,57,41,95,50,55,43,56,67,55,54,35,65,65,64,70,88,70,79,65,74,62,63,42,40,50
Luka Samanic,Utah Jazz,70,74,68,68,50,65,50,75,65,60,64,62,69,44,70,59,48,53,51,60,75,52,50,72,74,63,79,80,75,80,59,64,57,68,50,35,76
Johnny Juzang,Utah Jazz,68,70,73,70,84,50,35,71,35,75,55,59,64,44,85,50,58,35,51,63,52,50,50,70,70,55,72,85,75,80,59,72,66,62,29,43,62
Micah Potter,Utah Jazz,67,66,70,78,80,60,40,60,75,65,51,50,52,40,76,52,37,33,56,37,48,47,30,43,43,70,60,80,70,81,54,42,32,55,42,47,60
Kyle Kuzma,Washington Wizards,84,81,77,80,77,98,98,92,75,75,66,65,66,89,95,66,67,31,56,71,65,49,60,74,74,74,75,85,95,83,66,77,67,78,72,58,68
Deni Avdija,Washington Wizards,79,82,74,80,74,70,80,79,40,75,57,54,59,59,85,62,80,46,50,79,78,77,80,73,73,65,79,89,85,84,79,78,69,79,65,51,67
Tyus Jones,Washington Wizards,79,94,89,79,80,85,80,89,25,30,28,40,35,74,78,30,67,43,35,70,60,80,50,71,71,34,57,92,87,84,84,86,69,88,72,31,49
Jordan Poole,Washington Wizards,79,82,74,70,87,60,90,92,45,60,29,47,44,84,80,47,65,53,51,74,65,55,30,81,81,61,73,80,65,80,83,89,80,82,65,35,44
Daniel Gafford,Washington Wizards,77,97,65,29,68,70,60,82,85,75,69,67,70,75,70,70,57,38,89,59,76,50,65,75,70,73,80,80,89,80,37,35,44,37,33,76,80
Danilo Gallinari,Washington Wizards,77,91,85,77,93,70,65,76,45,75,66,72,74,70,76,69,56,32,51,68,70,62,65,60,60,66,66,85,80,75,66,76,60,60,53,47,71
Corey Kispert,Washington Wizards,76,97,82,80,85,70,70,73,40,60,38,39,39,45,85,54,70,33,25,74,69,67,65,76,76,60,69,84,80,80,66,71,66,69,36,38,48
Landry Shamet,Washington Wizards,76,69,69,79,88,95,85,79,35,70,30,38,26,69,76,25,60,42,35,76,57,50,35,85,85,41,80,85,81,81,79,78,82,77,41,30,47
Delon Wright,Washington Wizards,75,63,66,77,85,60,40,76,25,60,25,46,27,65,85,49,84,95,40,84,84,80,80,73,73,58,69,90,85,84,86,86,72,85,74,36,58
Bilal Coulibaly,Washington Wizards,74,69,67,80,76,75,35,74,60,85,50,50,50,50,80,67,80,70,65,85,73,72,65,82,82,63,85,92,80,80,68,69,64,62,38,33,60
Johnny Davis,Washington Wizards,74,89,78,74,70,60,65,80,40,70,49,51,47,69,80,68,73,83,45,79,68,55,60,78,78,54,75,85,70,80,70,82,70,70,32,55,53
Mike Muscala,Washington Wizards,73,93,80,80,77,70,60,64,75,60,68,64,66,50,64,68,53,32,62,54,67,54,45,43,37,76,58,79,80,79,60,42,40,60,33,46,73
Anthony Gill,Washington Wizards,72,89,72,73,73,70,65,70,75,75,62,60,60,40,74,66,60,31,56,50,50,58,50,69,67,60,79,80,88,80,38,54,53,55,33,59,51
Ryan Rollins,Washington Wizards,71,71,76,73,79,60,50,78,25,65,40,42,42,77,85,43,60,56,51,71,59,52,45,86,86,39,80,85,79,80,70,78,82,70,66,46,47
Patrick Baldwin Jr,Washington Wizards,71,70,72,82,74,70,60,74,55,70,54,52,52,52,80,56,59,41,56,64,55,54,40,57,57,69,62,85,70,80,55,58,55,60,33,39,72
Eugene Omoruyi,Washington Wizards,71,60,68,69,68,95,80,70,40,65,57,57,57,45,69,54,73,63,35,76,68,40,65,70,70,52,75,80,65,80,65,70,63,62,32,60,54
Jared Butler,Washington Wizards,70,86,65,74,78,95,70,74,25,65,28,41,37,60,95,30,60,70,60,74,55,47,50,80,80,50,78,83,80,80,69,82,80,68,60,33,54
John Butler Jr,Washington Wizards,67,69,62,64,44,65,40,54,70,70,50,50,50,30,75,62,37,43,75,47,60,40,40,47,47,68,75,80,90,80,44,45,37,52,32,50,60
